time|TEMP|VPV1|IPV1|ETODAY|IAC|VAC|FAC|PAC|ETOTAL|HTOTAL|MODE|unknown76|unknown77|ERR_GV|ERR_GF|ERR_TEMP|ERR_PV1|ERR_GFC1|ERR_MODE|unknown7f
1395726239|19.1|308.7|0|0|0|233.2|49.98|0|3271.9|4085|0|0|0|0|0|0|0|0|0|0
1395726297|18.7|312.1|0|0|0|232.8|49.96|0|3271.9|4085|0|0|0|0|0|0|0|0|0|0
1395726357|18.9|314.2|0|0|0|233.2|49.97|0|3271.9|4085|0|0|0|0|0|0|0|0|0|0
1395726417|18.7|316.9|0|0|0|233|49.98|0|3271.9|4085|0|0|0|0|0|0|0|0|0|0
1395726477|18.7|318.8|0|0|0|233.1|49.97|0|3271.9|4085|0|0|0|0|0|0|0|0|0|0
1395726537|18.9|320.3|0|0|0|233|49.98|0|3271.9|4085|0|0|0|0|0|0|0|0|0|0
1395726597|18.7|322.3|0|0|0|232.3|49.98|0|3271.9|4085|0|0|0|0|0|0|0|0|0|0
1395726657|19.3|294|0|0|0.5|233.8|49.98|22|3271.9|4085|1|0|0|0|0|0|0|0|0|0
1395726717|18.9|325.3|0|0|0|233|49.97|0|3271.9|4085|0|0|0|0|0|0|0|0|0|0
1395726777|18.9|326.6|0|0|0|233.3|49.96|0|3271.9|4085|0|0|0|0|0|0|0|0|0|0
1395726837|18.9|249.2|0|0|0.5|234|49.97|31|3271.9|4085|1|0|0|0|0|0|0|0|0|0
1395726897|19.1|231.1|0.1|0|0.5|234|49.98|32|3271.9|4085|1|0|0|0|0|0|0|0|0|0
1395726957|19.3|211.6|0.1|0|0.5|234|49.99|33|3271.9|4085|1|0|0|0|0|0|0|0|0|0
1395727017|19.1|199.7|0.1|0|0.5|233.5|49.99|34|3271.9|4085|1|0|0|0|0|0|0|0|0|0
1395727077|19.1|179.6|0.1|0|0.5|234.5|50|32|3271.9|4085|1|0|0|0|0|0|0|0|0|0
1395727137|19.8|315.3|0|0|0.5|232|50.04|34|3271.9|4085|1|0|0|0|0|0|0|0|0|0
1395727197|19.3|299.1|0|0|0.5|231.9|50.05|45|3271.9|4085|1|0|0|0|0|0|0|0|0|0
1395727257|19.6|275.8|0.1|0|0.5|231.9|50.09|50|3271.9|4085|1|0|0|0|0|0|0|0|0|0
1395727317|19.6|260.6|0.1|0|0.5|232.2|50.08|53|3271.9|4086|1|0|0|0|0|0|0|0|0|0
1395727377|19.3|241|0.2|0|0.5|232|50.05|57|3271.9|4086|1|0|0|0|0|0|0|0|0|0
1395727437|19.6|238|0.2|0|0.5|232.2|50.04|54|3271.9|4086|1|0|0|0|0|0|0|0|0|0
1395727497|19.6|230.1|0.2|0|0.5|232|50.02|62|3271.9|4086|1|0|0|0|0|0|0|0|0|0
1395727557|20|214|0.2|0|0.5|231.7|50.01|61|3271.9|4086|1|0|0|0|0|0|0|0|0|0
1395727617|19.8|229.1|0.2|0.01|0.5|231.9|50|66|3271.9|4086|1|0|0|0|0|0|0|0|0|0
1395727677|19.8|234.9|0.2|0.01|0.5|231.8|50|70|3271.9|4086|1|0|0|0|0|0|0|0|0|0
1395727737|19.8|233.7|0.3|0.01|0.5|231.2|50|74|3271.9|4086|1|0|0|0|0|0|0|0|0|0
1395727797|19.8|218.2|0.3|0.01|0.5|231.3|50|75|3271.9|4086|1|0|0|0|0|0|0|0|0|0
1395727857|20|228.9|0.3|0.01|0.6|230.9|49.99|81|3271.9|4086|1|0|0|0|0|0|0|0|0|0
1395727917|19.8|236|0.3|0.01|0.6|231.1|49.98|84|3271.9|4086|1|0|0|0|0|0|0|0|0|0
1395727977|20.3|240.8|0.3|0.01|0.6|231.3|49.99|86|3271.9|4086|1|0|0|0|0|0|0|0|0|0
1395728037|20.3|249.1|0.3|0.01|0.6|231|49.98|88|3271.9|4086|1|0|0|0|0|0|0|0|0|0
1395728097|20.3|253.9|0.3|0.02|0.6|230.5|49.98|90|3271.9|4086|1|0|0|0|0|0|0|0|0|0
1395728157|20.3|239.6|0.3|0.02|0.6|231|49.97|96|3271.9|4086|1|0|0|0|0|0|0|0|0|0
1395728217|20.5|217.6|0.4|0.02|0.6|231.2|49.98|99|3271.9|4086|1|0|0|0|0|0|0|0|0|0
1395728277|20.3|213.5|0.5|0.02|0.7|231|49.96|106|3271.9|4086|1|0|0|0|0|0|0|0|0|0
1395728337|20.5|199.5|0.6|0.02|0.7|231|49.97|116|3271.9|4086|1|0|0|0|0|0|0|0|0|0
1395728397|20.3|201.5|0.6|0.02|0.8|230.8|49.97|130|3271.9|4086|1|0|0|0|0|0|0|0|0|0
1395728457|20.5|195.9|0.7|0.03|0.8|231.1|49.99|145|3271.9|4086|1|0|0|0|0|0|0|0|0|0
1395728517|20.5|195.9|0.8|0.03|0.8|231.3|49.98|152|3271.9|4086|1|0|0|0|0|0|0|0|0|0
1395728577|20.8|193.9|0.8|0.03|0.8|231.3|49.98|155|3271.9|4086|1|0|0|0|0|0|0|0|0|0
1395728637|20.8|195.5|0.8|0.03|0.8|230.2|49.98|160|3271.9|4086|1|0|0|0|0|0|0|0|0|0
1395728697|20.8|195.9|0.8|0.04|0.8|230.5|49.97|162|3271.9|4086|1|0|0|0|0|0|0|0|0|0
1395728757|20.8|195.9|0.8|0.04|0.8|230.5|49.99|160|3271.9|4086|1|0|0|0|0|0|0|0|0|0
1395728817|21|203.8|0.9|0.04|0.9|230.5|49.99|175|3271.9|4086|1|0|0|0|0|0|0|0|0|0
1395728877|21|197.9|1|0.05|0.9|230.3|49.98|186|3271.9|4086|1|0|0|0|0|0|0|0|0|0
1395728937|21|195.9|1|0.05|0.9|230.3|49.98|191|3271.9|4086|1|0|0|0|0|0|0|0|0|0
1395728997|21.3|199.9|1|0.05|1|230.3|49.98|200|3271.9|4086|1|0|0|0|0|0|0|0|0|0
1395729057|21.3|199.5|1.1|0.06|1|229.9|49.98|208|3271.9|4086|1|0|0|0|0|0|0|0|0|0
1395729117|21.5|199.6|1.1|0.06|1|230.3|49.99|214|3271.9|4086|1|0|0|0|0|0|0|0|0|0
1395729177|21.5|205.4|1.1|0.06|1.1|230|50|225|3271.9|4086|1|0|0|0|0|0|0|0|0|0
1395729237|21.5|197.9|1.2|0.07|1.1|229.9|50|229|3271.9|4086|1|0|0|0|0|0|0|0|0|0
1395729297|21.8|195.9|1.2|0.07|1.1|230|50.02|236|3271.9|4086|1|0|0|0|0|0|0|0|0|0
1395729357|21.8|197.5|1.3|0.07|1.1|229.8|50.01|244|3271.9|4086|1|0|0|0|0|0|0|0|0|0
1395729417|21.8|195.9|1.3|0.08|1.2|229.8|50|252|3271.9|4086|1|0|0|0|0|0|0|0|0|0
1395729477|22|195.9|1.4|0.08|1.2|231.6|50.01|259|3271.9|4086|1|0|0|0|0|0|0|0|0|0
1395729537|22|195.9|1.4|0.09|1.2|231.8|50|267|3271.9|4086|1|0|0|0|0|0|0|0|0|0
1395729597|22|199.6|1.4|0.09|1.2|232|50.01|274|3272|4086|1|0|0|0|0|0|0|0|0|0
1395729657|22.2|211.4|1.5|0.1|1.4|231.9|50.01|305|3272|4086|1|0|0|0|0|0|0|0|0|0
1395729717|22.2|201.9|1.6|0.1|1.4|232.1|50|312|3272|4086|1|0|0|0|0|0|0|0|0|0
1395729777|22.2|211.4|1.6|0.11|1.4|231.8|50.01|321|3272|4086|1|0|0|0|0|0|0|0|0|0
1395729837|22.5|217.3|1.5|0.11|1.4|232.3|50|328|3272|4086|1|0|0|0|0|0|0|0|0|0
1395729897|22.7|219.3|1.6|0.12|1.5|231|50.01|337|3272|4086|1|0|0|0|0|0|0|0|0|0
1395729957|22.7|223.4|1.5|0.12|1.5|230.8|50.01|337|3272|4086|1|0|0|0|0|0|0|0|0|0
1395730017|22.7|225.4|1.5|0.13|1.5|231.6|49.99|337|3272|4086|1|0|0|0|0|0|0|0|0|0
1395730077|22.7|223.7|1.5|0.13|1.5|231.9|50|338|3272|4086|1|0|0|0|0|0|0|0|0|0
1395730137|22.7|235.2|1.5|0.14|1.6|231.6|50.01|358|3272|4086|1|0|0|0|0|0|0|0|0|0
1395730197|22.9|239.6|1.6|0.15|1.6|231.6|49.98|371|3272|4086|1|0|0|0|0|0|0|0|0|0
1395730257|22.9|239.5|1.6|0.15|1.7|231.5|49.96|390|3272|4086|1|0|0|0|0|0|0|0|0|0
1395730317|23.1|239.6|1.7|0.16|1.8|231.8|49.98|402|3272|4086|1|0|0|0|0|0|0|0|0|0
1395730377|23.3|241.2|1.7|0.17|1.8|232|49.97|414|3272|4086|1|0|0|0|0|0|0|0|0|0
1395730437|23.3|243.2|1.8|0.17|1.8|231.8|49.98|423|3272|4086|1|0|0|0|0|0|0|0|0|0
1395730497|23.3|257.1|1.8|0.18|1.9|232.3|49.98|446|3272|4086|1|0|0|0|0|0|0|0|0|0
1395730557|23.3|253.4|1.9|0.19|2|232.3|50|465|3272.1|4086|1|0|0|0|0|0|0|0|0|0
1395730617|23.3|253.1|2|0.2|2.1|231.6|50.01|483|3272.1|4086|1|0|0|0|0|0|0|0|0|0
1395730677|23.5|251.1|2|0.2|2.1|231.3|50|494|3272.1|4086|1|0|0|0|0|0|0|0|0|0
1395730737|23.7|235.6|2.3|0.21|2.3|231.3|49.99|531|3272.1|4086|1|0|0|0|0|0|0|0|0|0
1395730797|23.7|229.7|2.5|0.22|2.4|231.8|50|563|3272.1|4086|1|0|0|0|0|0|0|0|0|0
1395730857|23.7|227.7|2.6|0.23|2.5|231.6|50.01|579|3272.1|4086|1|0|0|0|0|0|0|0|0|0
1395730917|23.9|231.2|2.6|0.24|2.5|232|49.98|582|3272.1|4087|1|0|0|0|0|0|0|0|0|0
1395730977|23.9|233.3|2.6|0.25|2.5|232|50.02|587|3272.1|4087|1|0|0|0|0|0|0|0|0|0
1395731037|24.1|239.2|2.7|0.26|2.7|232.2|50.02|614|3272.1|4087|1|0|0|0|0|0|0|0|0|0
1395731097|24.1|243.5|2.7|0.27|2.7|232.2|50.02|634|3272.1|4087|1|0|0|0|0|0|0|0|0|0
1395731157|24.3|241.5|2.8|0.28|2.8|231.8|49.98|645|3272.1|4087|1|0|0|0|0|0|0|0|0|0
1395731217|24.3|247.1|2.7|0.29|2.8|231.5|49.99|654|3272.2|4087|1|0|0|0|0|0|0|0|0|0
1395731277|24.5|245.5|2.8|0.3|2.9|231.5|49.99|668|3272.2|4087|1|0|0|0|0|0|0|0|0|0
1395731337|24.5|261|2.8|0.32|3.1|231.8|49.99|708|3272.2|4087|1|0|0|0|0|0|0|0|0|0
1395731397|24.7|259.4|2.9|0.33|3.2|231.4|49.99|736|3272.2|4087|1|0|0|0|0|0|0|0|0|0
1395731457|24.7|259.5|3|0.34|3.2|233.9|49.97|749|3272.2|4087|1|0|0|0|0|0|0|0|0|0
1395731517|24.7|255.9|3.1|0.35|3.3|234|49.98|762|3272.2|4087|1|0|0|0|0|0|0|0|0|0
1395731577|24.9|255.4|3.1|0.36|3.3|234.5|49.98|777|3272.2|4087|1|0|0|0|0|0|0|0|0|0
1395731637|25.3|255.4|3.2|0.38|3.4|233.5|50|791|3272.2|4087|1|0|0|0|0|0|0|0|0|0
1395731697|25.1|255.5|3.2|0.39|3.4|233.4|50.01|806|3272.3|4087|1|0|0|0|0|0|0|0|0|0
1395731757|25.1|253.5|3.3|0.4|3.5|233.3|49.96|820|3272.3|4087|1|0|0|0|0|0|0|0|0|0
1395731817|25.3|253.7|3.4|0.42|3.6|234.3|49.98|834|3272.3|4087|1|0|0|0|0|0|0|0|0|0
1395731877|25.3|259.9|3.4|0.43|3.7|234|49.98|856|3272.3|4087|1|0|0|0|0|0|0|0|0|0
1395731937|25.5|257.5|3.5|0.45|3.7|233.8|49.97|876|3272.3|4087|1|0|0|0|0|0|0|0|0|0
1395731997|25.5|260.8|3.5|0.46|3.8|234.8|49.97|896|3272.3|4087|1|0|0|0|0|0|0|0|0|0
1395732057|25.8|259.3|3.6|0.48|3.9|235|49.97|915|3272.3|4087|1|0|0|0|0|0|0|0|0|0
1395732117|25.8|255|3.7|0.49|3.9|235.3|49.98|927|3272.4|4087|1|0|0|0|0|0|0|0|0|0
1395732177|26|257.7|3.8|0.51|4.1|233|49.98|943|3272.4|4087|1|0|0|0|0|0|0|0|0|0
1395732237|26.2|255.5|3.9|0.52|4.1|233.3|50|958|3272.4|4087|1|0|0|0|0|0|0|0|0|0
1395732297|26.2|252.5|4|0.54|4.2|233.4|49.98|971|3272.4|4087|1|0|0|0|0|0|0|0|0|0
1395732357|26.4|252.5|4|0.56|4.2|233.5|49.99|979|3272.4|4087|1|0|0|0|0|0|0|0|0|0
1395732418|26.2|250.6|4.1|0.57|4.3|230.4|49.97|988|3272.4|4087|1|0|0|0|0|0|0|0|0|0
1395732477|26.4|253.9|4.1|0.59|4.3|232.5|49.98|1000|3272.5|4087|1|0|0|0|0|0|0|0|0|0
1395732537|26.6|250.6|4.2|0.61|4.3|232.1|50|1010|3272.5|4087|1|0|0|0|0|0|0|0|0|0
1395732597|26.8|254.5|4.2|0.62|4.4|232.3|50|1029|3272.5|4087|1|0|0|0|0|0|0|0|0|0
1395732657|26.6|255.9|4.2|0.64|4.5|232.3|49.98|1045|3272.5|4087|1|0|0|0|0|0|0|0|0|0
1395732717|26.8|256.5|4.2|0.66|4.5|232.6|49.99|1054|3272.5|4087|1|0|0|0|0|0|0|0|0|0
1395732777|26.8|259.9|4.3|0.67|4.6|233|50.02|1075|3272.5|4087|1|0|0|0|0|0|0|0|0|0
1395732837|27|263.9|4.3|0.69|4.7|232.4|49.98|1101|3272.6|4087|1|0|0|0|0|0|0|0|0|0
1395732897|27.2|263.3|4.4|0.71|4.8|232.5|50.01|1125|3272.6|4087|1|0|0|0|0|0|0|0|0|0
1395732957|27|263.4|4.4|0.73|4.9|232.5|49.98|1137|3272.6|4087|1|0|0|0|0|0|0|0|0|0
1395733017|27.4|261.3|4.5|0.75|4.9|232.8|50.01|1146|3272.6|4087|1|0|0|0|0|0|0|0|0|0
1395733077|27.6|261.3|4.6|0.77|5|232.6|50.01|1157|3272.6|4087|1|0|0|0|0|0|0|0|0|0
1395733137|27.6|261.3|4.6|0.79|5|232.5|50.01|1163|3272.7|4087|1|0|0|0|0|0|0|0|0|0
1395733197|27.4|257.9|4.7|0.81|5|232.5|50|1171|3272.7|4087|1|0|0|0|0|0|0|0|0|0
1395733257|27.8|261.3|4.7|0.83|5.1|232.5|50.01|1191|3272.7|4087|1|0|0|0|0|0|0|0|0|0
1395733317|28|263.4|4.7|0.85|5.2|232.6|50|1200|3272.7|4087|1|0|0|0|0|0|0|0|0|0
1395733377|28.1|261.3|4.8|0.87|5.2|232.5|49.99|1215|3272.7|4087|1|0|0|0|0|0|0|0|0|0
1395733437|28.1|263.4|4.8|0.89|5.3|232|49.99|1230|3272.8|4087|1|0|0|0|0|0|0|0|0|0
1395733497|28|257.9|5|0.91|5.3|231.8|50|1232|3272.8|4087|1|0|0|0|0|0|0|0|0|0
1395733557|28.1|260.4|4.9|0.93|5.4|231.8|50|1245|3272.8|4087|1|0|0|0|0|0|0|0|0|0
1395733617|28.3|259.8|5|0.95|5.4|231.8|50|1263|3272.8|4087|1|0|0|0|0|0|0|0|0|0
1395733677|28.3|258.4|5.1|0.97|5.5|231.7|50|1271|3272.8|4087|1|0|0|0|0|0|0|0|0|0
1395733737|28.5|259.8|5.1|0.99|5.5|232.1|50|1285|3272.9|4087|1|0|0|0|0|0|0|0|0|0
1395733797|28.5|259.9|5.1|1.01|5.5|232.4|50|1290|3272.9|4087|1|0|0|0|0|0|0|0|0|0
1395733857|28.7|259.3|5.2|1.04|5.6|231.9|50|1298|3272.9|4087|1|0|0|0|0|0|0|0|0|0
1395733917|28.9|259.8|5.2|1.06|5.6|231.5|50|1301|3272.9|4087|1|0|0|0|0|0|0|0|0|0
1395733977|28.9|257.9|5.3|1.08|5.7|231.3|50.01|1310|3272.9|4087|1|0|0|0|0|0|0|0|0|0
1395734037|29|259.3|5.3|1.1|5.7|230.8|50|1326|3273|4087|1|0|0|0|0|0|0|0|0|0
1395734097|29|258.4|5.4|1.12|5.8|231.6|49.98|1342|3273|4087|1|0|0|0|0|0|0|0|0|0
1395734157|28.9|262.4|5.4|1.15|5.9|231.8|50.01|1370|3273|4087|1|0|0|0|0|0|0|0|0|0
1395734217|29.2|264.9|5.4|1.17|6|231.9|49.99|1388|3273|4087|1|0|0|0|0|0|0|0|0|0
1395734277|29.4|274.2|5.4|1.19|6.1|232|50.01|1425|3273.1|4087|1|0|0|0|0|0|0|0|0|0
1395734337|29.5|277.5|5.4|1.22|6.3|232|50.01|1456|3273.1|4087|1|0|0|0|0|0|0|0|0|0
1395734397|29.5|274.7|5.5|1.24|6.4|231.7|50.02|1474|3273.1|4087|1|0|0|0|0|0|0|0|0|0
1395734457|29.7|270.3|5.7|1.26|6.4|232|49.95|1484|3273.1|4087|1|0|0|0|0|0|0|0|0|0
1395734517|29.7|270.3|5.7|1.29|6.4|232.3|49.95|1495|3273.2|4088|1|0|0|0|0|0|0|0|0|0
1395734577|29.8|272.2|5.7|1.31|6.5|231.9|49.96|1504|3273.2|4088|1|0|0|0|0|0|0|0|0|0
1395734637|29.8|268.9|5.8|1.34|6.5|231.5|49.98|1514|3273.2|4088|1|0|0|0|0|0|0|0|0|0
1395734697|30.2|268.9|5.9|1.37|6.6|231.5|50.02|1530|3273.2|4088|1|0|0|0|0|0|0|0|0|0
1395734757|30|270.4|5.9|1.39|6.6|231.3|50|1538|3273.3|4088|1|0|0|0|0|0|0|0|0|0
1395734817|30.2|270.8|5.9|1.42|6.7|231|50.01|1544|3273.3|4088|1|0|0|0|0|0|0|0|0|0
1395734877|30.6|270.4|5.9|1.44|6.7|230.8|50|1553|3273.3|4088|1|0|0|0|0|0|0|0|0|0
1395734937|30.4|270.9|6|1.47|6.8|231.2|50|1566|3273.3|4088|1|0|0|0|0|0|0|0|0|0
1395734997|30.6|270.8|6|1.49|6.8|231.3|49.99|1576|3273.4|4088|1|0|0|0|0|0|0|0|0|0
1395735058|30.8|270.9|6|1.52|6.8|231.5|50.01|1582|3273.4|4088|1|0|0|0|0|0|0|0|0|0
1395735117|30.8|267.2|6.2|1.55|6.8|232|50|1591|3273.4|4088|1|0|0|0|0|0|0|0|0|0
1395735177|31.2|270.9|6.1|1.57|6.9|231.5|49.98|1601|3273.4|4088|1|0|0|0|0|0|0|0|0|0
1395735237|31|270.5|6.2|1.6|6.9|231.5|49.99|1607|3273.5|4088|1|0|0|0|0|0|0|0|0|0
1395735297|31.2|270.5|6.2|1.63|7|231.8|49.98|1631|3273.5|4088|1|0|0|0|0|0|0|0|0|0
1395735357|31.3|270.5|6.3|1.65|7.1|232|49.98|1642|3273.5|4088|1|0|0|0|0|0|0|0|0|0
1395735417|31.5|266.7|6.4|1.68|7.1|232.1|49.99|1653|3273.5|4088|1|0|0|0|0|0|0|0|0|0
1395735477|31.5|266.8|6.4|1.71|7.2|232|50|1659|3273.6|4088|1|0|0|0|0|0|0|0|0|0
1395735537|31.7|273|6.3|1.74|7.2|232|50|1663|3273.6|4088|1|0|0|0|0|0|0|0|0|0
1395735597|31.9|268.9|6.5|1.77|7.3|231.9|49.99|1696|3273.6|4088|1|0|0|0|0|0|0|0|0|0
1395735657|31.9|270.9|6.5|1.79|7.3|232|50|1701|3273.7|4088|1|0|0|0|0|0|0|0|0|0
1395735717|32.2|272.9|6.6|1.82|7.5|232|50|1736|3273.7|4088|1|0|0|0|0|0|0|0|0|0
1395735777|32.2|275.7|6.6|1.85|7.5|232.1|50|1755|3273.7|4088|1|0|0|0|0|0|0|0|0|0
1395735837|32.1|276.9|6.6|1.88|7.6|232.3|49.99|1762|3273.7|4088|1|0|0|0|0|0|0|0|0|0
1395735897|32.4|274.9|6.7|1.91|7.7|232|50|1777|3273.8|4088|1|0|0|0|0|0|0|0|0|0
1395735957|32.4|270.7|6.8|1.94|7.6|232.2|50.01|1767|3273.8|4088|1|0|0|0|0|0|0|0|0|0
1395736017|32.6|272.1|6.8|1.97|7.7|232|50.01|1780|3273.8|4088|1|0|0|0|0|0|0|0|0|0
1395736077|32.7|272.1|6.8|2|7.7|231.8|50|1790|3273.9|4088|1|0|0|0|0|0|0|0|0|0
1395736137|32.7|283.8|6.7|2.03|7.9|232|50|1833|3273.9|4088|1|0|0|0|0|0|0|0|0|0
1395736197|32.9|282.1|6.8|2.06|8|232.2|50.01|1856|3273.9|4088|1|0|0|0|0|0|0|0|0|0
1395736257|32.9|281.8|6.8|2.09|8|231.9|50|1858|3274|4088|1|0|0|0|0|0|0|0|0|0
1395736317|33.1|281.8|6.9|2.12|8.1|232.1|50|1878|3274|4088|1|0|0|0|0|0|0|0|0|0
1395736377|33.2|281.8|7|2.15|8.1|232.4|49.99|1895|3274|4088|1|0|0|0|0|0|0|0|0|0
1395736437|33.4|281.8|6.9|2.18|8.1|233.3|50|1893|3274|4088|1|0|0|0|0|0|0|0|0|0
1395736497|33.4|279.9|7|2.22|8.1|232.8|50|1892|3274.1|4088|1|0|0|0|0|0|0|0|0|0
1395736557|33.7|277.6|7.1|2.25|8.1|232.5|50.01|1894|3274.1|4088|1|0|0|0|0|0|0|0|0|0
1395736617|33.5|277.6|7.1|2.28|8.2|232.8|50.01|1910|3274.1|4088|1|0|0|0|0|0|0|0|0|0
1395736677|33.7|279.3|7.1|2.31|8.3|233.1|50.01|1923|3274.2|4088|1|0|0|0|0|0|0|0|0|0
1395736737|34|275.7|7.2|2.34|8.2|232.8|50|1913|3274.2|4088|1|0|0|0|0|0|0|0|0|0
1395736797|34|279.3|7.1|2.38|8.3|233|50|1925|3274.2|4088|1|0|0|0|0|0|0|0|0|0
1395736857|34.1|277.6|7.2|2.41|8.3|232.8|49.99|1932|3274.3|4088|1|0|0|0|0|0|0|0|0|0
1395736917|34.1|277.7|7.2|2.44|8.3|232.8|50.01|1934|3274.3|4088|1|0|0|0|0|0|0|0|0|0
1395736977|34.3|275.7|7.3|2.47|8.4|233|50.01|1949|3274.3|4088|1|0|0|0|0|0|0|0|0|0
1395737037|34.3|275.7|7.4|2.5|8.4|232.9|50|1961|3274.4|4088|1|0|0|0|0|0|0|0|0|0
1395737097|34.6|277.3|7.3|2.54|8.4|232.5|50.01|1957|3274.4|4088|1|0|0|0|0|0|0|0|0|0
1395737158|34.6|277.3|7.3|2.57|8.4|232.5|49.99|1950|3274.4|4088|1|0|0|0|0|0|0|0|0|0
1395737217|34.7|275.6|7.3|2.6|8.4|232.5|50|1952|3274.5|4088|1|0|0|0|0|0|0|0|0|0
1395737277|34.6|275.4|7.4|2.63|8.5|232|50|1970|3274.5|4088|1|0|0|0|0|0|0|0|0|0
1395737337|34.7|275.7|7.5|2.67|8.6|232.5|50.01|1993|3274.5|4088|1|0|0|0|0|0|0|0|0|0
1395737397|34.8|277.3|7.4|2.7|8.6|232.4|50|1988|3274.6|4088|1|0|0|0|0|0|0|0|0|0
1395737457|35|277.4|7.4|2.73|8.6|232.2|50|1989|3274.6|4088|1|0|0|0|0|0|0|0|0|0
1395737517|34.8|273.7|7.6|2.77|8.7|232.4|50|2013|3274.6|4088|1|0|0|0|0|0|0|0|0|0
1395737577|35.2|275.6|7.6|2.8|8.7|232.3|50|2031|3274.7|4088|1|0|0|0|0|0|0|0|0|0
1395737637|35.3|277.4|7.6|2.83|8.7|232.5|50.01|2029|3274.7|4088|1|0|0|0|0|0|0|0|0|0
1395737697|35.3|275.4|7.8|2.87|8.9|232.4|50.01|2061|3274.7|4088|1|0|0|0|0|0|0|0|0|0
1395737757|35.5|275.4|7.9|2.9|8.9|232.7|50.01|2082|3274.8|4088|1|0|0|0|0|0|0|0|0|0
1395737817|35.9|277.3|7.9|2.94|9|232.2|50.02|2100|3274.8|4088|1|0|0|0|0|0|0|0|0|0
1395737877|35.9|277.3|8|2.97|9.2|232.1|50|2124|3274.8|4088|1|0|0|0|0|0|0|0|0|0
1395737937|35.9|273.7|8|3.01|9.1|232.5|50.02|2110|3274.9|4088|1|0|0|0|0|0|0|0|0|0
1395737997|36.2|281.4|7.8|3.04|9.1|232.5|50.01|2124|3274.9|4088|1|0|0|0|0|0|0|0|0|0
1395738057|36.3|281.4|7.9|3.08|9.2|232.5|49.99|2128|3274.9|4088|1|0|0|0|0|0|0|0|0|0
1395738117|36.2|279.6|8|3.11|9.2|232.3|49.96|2147|3275|4089|1|0|0|0|0|0|0|0|0|0
1395738177|36.5|279.6|8|3.15|9.3|232.3|49.96|2148|3275|4089|1|0|0|0|0|0|0|0|0|0
1395738237|36.5|281.3|8.1|3.19|9.5|232.3|49.95|2197|3275|4089|1|0|0|0|0|0|0|0|0|0
1395738297|36.7|285.3|8.1|3.22|9.5|232.7|49.98|2211|3275.1|4089|1|0|0|0|0|0|0|0|0|0
1395738357|36.7|289.5|8.1|3.26|9.7|232.3|49.97|2243|3275.1|4089|1|0|0|0|0|0|0|0|0|0
1395738417|36.8|287.5|8.2|3.3|9.6|235.6|49.98|2263|3275.2|4089|1|0|0|0|0|0|0|0|0|0
1395738477|37.1|285.5|8.2|3.34|9.6|235.3|49.99|2256|3275.2|4089|1|0|0|0|0|0|0|0|0|0
1395738537|37.1|285.6|8.2|3.37|9.5|235.8|50|2245|3275.2|4089|1|0|0|0|0|0|0|0|0|0
1395738597|37.3|287.2|8.2|3.41|9.6|235.7|49.99|2258|3275.3|4089|1|0|0|0|0|0|0|0|0|0
1395738657|37.4|289.2|8.2|3.45|9.7|235.2|50|2270|3275.3|4089|1|0|0|0|0|0|0|0|0|0
1395738717|37.4|289.2|8.2|3.49|9.7|235.8|50.01|2275|3275.3|4089|1|0|0|0|0|0|0|0|0|0
1395738777|37.4|285.2|8.3|3.52|9.7|235.3|50.01|2279|3275.4|4089|1|0|0|0|0|0|0|0|0|0
1395738837|37.7|283.7|8.5|3.56|9.8|235.1|50.02|2304|3275.4|4089|1|0|0|0|0|0|0|0|0|0
1395738897|37.6|285.2|8.5|3.6|9.8|235.3|50|2316|3275.5|4089|1|0|0|0|0|0|0|0|0|0
1395738957|37.9|285.6|8.5|3.64|9.8|236|49.98|2323|3275.5|4089|1|0|0|0|0|0|0|0|0|0
1395739017|37.9|283.7|8.6|3.68|10|235.5|50|2342|3275.5|4089|1|0|0|0|0|0|0|0|0|0
1395739077|38|283.7|8.6|3.72|9.9|235.3|49.99|2332|3275.6|4089|1|0|0|0|0|0|0|0|0|0
1395739137|38.2|285.6|8.5|3.76|9.9|235.3|49.99|2327|3275.6|4089|1|0|0|0|0|0|0|0|0|0
1395739197|38.2|283.7|8.5|3.79|9.9|235|50|2324|3275.7|4089|1|0|0|0|0|0|0|0|0|0
1395739257|38.3|284.2|8.6|3.83|9.9|235.3|50.01|2336|3275.7|4089|1|0|0|0|0|0|0|0|0|0
1395739317|38.3|284.2|8.6|3.87|10|235.7|50.01|2352|3275.7|4089|1|0|0|0|0|0|0|0|0|0
1395739377|38.6|285.7|8.7|3.91|10.1|236|50.01|2392|3275.8|4089|1|0|0|0|0|0|0|0|0|0
1395739437|38.6|283.7|8.7|3.95|10.1|235.8|50|2376|3275.8|4089|1|0|0|0|0|0|0|0|0|0
1395739497|38.7|285.7|8.6|3.99|10|235.3|50|2361|3275.9|4089|1|0|0|0|0|0|0|0|0|0
1395739557|38.9|282.2|8.8|4.03|10.1|235.5|49.99|2370|3275.9|4089|1|0|0|0|0|0|0|0|0|0
1395739617|38.9|283.8|8.7|4.07|10.1|235.5|49.99|2379|3275.9|4089|1|0|0|0|0|0|0|0|0|0
1395739677|39|282.2|8.8|4.11|10.1|235.5|49.99|2374|3276|4089|1|0|0|0|0|0|0|0|0|0
1395739737|39|282.2|8.9|4.15|10.2|235.3|49.99|2405|3276|4089|1|0|0|0|0|0|0|0|0|0
1395739797|39.1|283.7|9|4.19|10.4|235.1|50|2434|3276.1|4089|1|0|0|0|0|0|0|0|0|0
1395739857|39.4|283.8|9.1|4.23|10.5|235.5|49.99|2461|3276.1|4089|1|0|0|0|0|0|0|0|0|0
1395739917|39.3|281.7|9.1|4.27|10.4|235.3|49.97|2443|3276.1|4089|1|0|0|0|0|0|0|0|0|0
1395739977|39.4|282.2|9.1|4.31|10.4|235.3|49.98|2449|3276.2|4089|1|0|0|0|0|0|0|0|0|0
1395740037|39.5|284.2|9.1|4.35|10.5|235|49.98|2475|3276.2|4089|1|0|0|0|0|0|0|0|0|0
1395740097|39.6|284.3|9.1|4.39|10.5|234.8|49.99|2473|3276.3|4089|1|0|0|0|0|0|0|0|0|0
1395740157|39.6|282.3|9.1|4.44|10.5|234.9|49.98|2454|3276.3|4089|1|0|0|0|0|0|0|0|0|0
1395740217|39.8|282.7|9.1|4.48|10.4|235.3|50|2452|3276.3|4089|1|0|0|0|0|0|0|0|0|0
1395740277|39.9|280.7|9.1|4.52|10.4|235.3|50|2444|3276.4|4089|1|0|0|0|0|0|0|0|0|0
1395740337|39.9|284.2|8.9|4.56|10.3|235.3|49.99|2418|3276.4|4089|1|0|0|0|0|0|0|0|0|0
1395740397|40.2|281.2|8.9|4.6|10.2|235.5|49.98|2394|3276.5|4089|1|0|0|0|0|0|0|0|0|0
1395740457|40|282.8|8.8|4.64|10.1|235.4|49.96|2382|3276.5|4089|1|0|0|0|0|0|0|0|0|0
1395740517|40.2|282.8|8.9|4.68|10.3|235.3|49.97|2417|3276.5|4089|1|0|0|0|0|0|0|0|0|0
1395740577|40.2|280.7|9.1|4.72|10.3|235.6|49.98|2438|3276.6|4089|1|0|0|0|0|0|0|0|0|0
1395740637|40.2|281.7|8.9|4.76|10.2|235.5|49.99|2409|3276.6|4089|1|0|0|0|0|0|0|0|0|0
1395740697|40.4|281.7|8.8|4.8|10.1|235|50|2371|3276.7|4089|1|0|0|0|0|0|0|0|0|0
1395740757|40.5|277.7|8.9|4.84|10|235.6|49.99|2355|3276.7|4089|1|0|0|0|0|0|0|0|0|0
1395740817|40.4|281.7|8.6|4.88|9.9|235.5|49.98|2327|3276.7|4089|1|0|0|0|0|0|0|0|0|0
1395740877|40.5|283.3|8.5|4.92|9.8|235.6|49.99|2309|3276.8|4089|1|0|0|0|0|0|0|0|0|0
1395740937|40.4|281.2|8.6|4.95|9.9|235.3|49.99|2324|3276.8|4089|1|0|0|0|0|0|0|0|0|0
1395740997|40.5|283.3|8.5|4.99|9.8|235.5|50|2301|3276.9|4089|1|0|0|0|0|0|0|0|0|0
1395741057|40.5|282.8|8.8|5.03|10.1|235.5|49.98|2385|3276.9|4089|1|0|0|0|0|0|0|0|0|0
1395741117|40.7|280.8|8.9|5.07|10.2|235.5|49.98|2395|3276.9|4089|1|0|0|0|0|0|0|0|0|0
1395741177|40.5|283.3|8.4|5.11|9.6|235.8|50|2266|3277|4089|1|0|0|0|0|0|0|0|0|0
1395741237|40.7|278.8|8.6|5.15|9.8|235.5|50|2303|3277|4089|1|0|0|0|0|0|0|0|0|0
1395741297|40.7|280.7|8.6|5.19|9.9|235.5|50.01|2322|3277.1|4089|1|0|0|0|0|0|0|0|0|0
1395741357|40.7|284.3|8.8|5.23|10.2|235.5|50|2404|3277.1|4089|1|0|0|0|0|0|0|0|0|0
1395741417|40.8|282.7|8.8|5.27|10.2|235.3|50|2387|3277.1|4089|1|0|0|0|0|0|0|0|0|0
1395741477|40.7|284.3|8.7|5.31|10|235.8|49.99|2359|3277.2|4089|1|0|0|0|0|0|0|0|0|0
1395741537|41|281.7|8.9|5.35|10.2|235.4|50|2398|3277.2|4089|1|0|0|0|0|0|0|0|0|0
1395741597|41|282.3|8.4|5.38|9.7|234.8|50|2267|3277.2|4089|1|0|0|0|0|0|0|0|0|0
1395741657|41|281.7|8.3|5.42|9.5|235|49.97|2238|3277.3|4089|1|0|0|0|0|0|0|0|0|0
1395741717|40.8|282.2|8.4|5.46|9.7|234.5|49.96|2273|3277.3|4090|1|0|0|0|0|0|0|0|0|0
1395741777|41|282.3|8.5|5.5|9.8|234.2|49.97|2290|3277.4|4090|1|0|0|0|0|0|0|0|0|0
1395741837|41|281.8|8.1|5.54|9.3|234|49.98|2179|3277.4|4090|1|0|0|0|0|0|0|0|0|0
1395741897|41|280.2|7.7|5.57|8.9|234.3|49.96|2079|3277.4|4090|1|0|0|0|0|0|0|0|0|0
1395741957|40.8|281.7|6.8|5.6|8|233.5|49.98|1860|3277.5|4090|1|0|0|0|0|0|0|0|0|0
1395742017|40.7|281.7|7|5.64|8.2|232.5|49.97|1896|3277.5|4090|1|0|0|0|0|0|0|0|0|0
1395742077|40.7|286.9|6.6|5.67|7.7|233|49.98|1789|3277.5|4090|1|0|0|0|0|0|0|0|0|0
1395742137|40.5|281.3|6.6|5.7|7.6|232.7|49.99|1778|3277.6|4090|1|0|0|0|0|0|0|0|0|0
1395742197|40.4|287.7|6.9|5.73|8.2|233|50|1910|3277.6|4090|1|0|0|0|0|0|0|0|0|0
1395742257|40.2|287.7|7.7|5.76|9.2|232.8|49.99|2128|3277.6|4090|1|0|0|0|0|0|0|0|0|0
1395742317|40.4|287.7|8.3|5.8|9.8|233.9|49.98|2298|3277.7|4090|1|0|0|0|0|0|0|0|0|0
1395742377|40.4|283.2|8.9|5.84|10.3|234|49.99|2412|3277.7|4090|1|0|0|0|0|0|0|0|0|0
1395742437|40.7|285|9.1|5.88|10.6|234|50|2475|3277.7|4090|1|0|0|0|0|0|0|0|0|0
1395742497|40.7|286.2|9.1|5.92|10.6|233.9|49.98|2485|3277.8|4090|1|0|0|0|0|0|0|0|0|0
1395742557|40.7|280.6|9.3|5.96|10.7|233.7|49.98|2487|3277.8|4090|1|0|0|0|0|0|0|0|0|0
1395742617|41|282.5|9.6|6|11|234.3|49.98|2586|3277.9|4090|1|0|0|0|0|0|0|0|0|0
1395742677|41.1|286.2|9.8|6.05|11.5|233.8|49.99|2682|3277.9|4090|1|0|0|0|0|0|0|0|0|0
1395742737|41.3|282.4|10.1|6.09|11.7|233.8|49.99|2734|3278|4090|1|0|0|0|0|0|0|0|0|0
1395742797|41.4|284.3|10.2|6.14|11.9|232.5|49.99|2756|3278|4090|1|0|0|0|0|0|0|0|0|0
1395742857|41.7|278.1|10.6|6.18|12|232.8|49.99|2801|3278|4090|1|0|0|0|0|0|0|0|0|0
1395742917|42.1|277.1|10.7|6.23|12.2|233|49.99|2836|3278.1|4090|1|0|0|0|0|0|0|0|0|0
1395742977|42.2|280.8|10.2|6.28|11.8|232.8|49.99|2740|3278.1|4090|1|0|0|0|0|0|0|0|0|0
1395743037|42.4|276.8|10|6.32|11.3|232.5|49.98|2633|3278.2|4090|1|0|0|0|0|0|0|0|0|0
1395743097|42.6|276.7|9.6|6.37|10.9|232.3|50|2527|3278.2|4090|1|0|0|0|0|0|0|0|0|0
1395743157|42.5|278.8|9.4|6.41|10.7|232.3|50|2492|3278.3|4090|1|0|0|0|0|0|0|0|0|0
1395743217|42.5|276.9|8.5|6.45|9.7|232.1|49.98|2257|3278.3|4090|1|0|0|0|0|0|0|0|0|0
1395743277|42.6|280.8|8.9|6.49|10.3|232.3|49.98|2392|3278.4|4090|1|0|0|0|0|0|0|0|0|0
1395743337|42.5|278.6|8.7|6.53|10|232.9|49.97|2325|3278.4|4090|1|0|0|0|0|0|0|0|0|0
1395743397|42.4|282.4|7.2|6.56|8.4|232|49.99|1949|3278.4|4090|1|0|0|0|0|0|0|0|0|0
1395743457|42.4|280.3|7.4|6.6|8.6|232.8|50|2005|3278.5|4090|1|0|0|0|0|0|0|0|0|0
1395743517|42.1|280.7|5.9|6.62|6.9|232|49.98|1600|3278.5|4090|1|0|0|0|0|0|0|0|0|0
1395743577|41.7|284.3|5.8|6.65|6.9|232.7|49.98|1607|3278.5|4090|1|0|0|0|0|0|0|0|0|0
1395743637|41.4|280.8|6.7|6.68|7.8|233.2|49.96|1822|3278.5|4090|1|0|0|0|0|0|0|0|0|0
1395743697|41.5|280.5|6.6|6.71|7.7|233.5|49.96|1798|3278.6|4090|1|0|0|0|0|0|0|0|0|0
1395743757|41.3|284.7|6|6.74|7.1|232.5|49.99|1662|3278.6|4090|1|0|0|0|0|0|0|0|0|0
1395743817|41|284.3|6.2|6.77|7.4|231.9|49.97|1713|3278.6|4090|1|0|0|0|0|0|0|0|0|0
1395743877|40.8|290.2|6.8|6.8|8.2|233.8|49.98|1914|3278.7|4090|1|0|0|0|0|0|0|0|0|0
1395743937|40.8|290.3|6.4|6.83|7.7|233.5|49.98|1807|3278.7|4090|1|0|0|0|0|0|0|0|0|0
1395743997|40.7|288.2|6.4|6.86|7.6|233.4|49.99|1784|3278.7|4090|1|0|0|0|0|0|0|0|0|0
1395744057|40.5|290.4|6.5|6.89|7.8|233|49.98|1812|3278.8|4090|1|0|0|0|0|0|0|0|0|0
1395744117|40.5|286.3|6.8|6.92|8|232.8|49.98|1867|3278.8|4090|1|0|0|0|0|0|0|0|0|0
1395744177|40.5|286.6|8.4|6.96|9.9|233.8|50|2314|3278.8|4090|1|0|0|0|0|0|0|0|0|0
1395744237|40.7|285.3|9.8|7|11.4|233.8|49.99|2662|3278.9|4090|1|0|0|0|0|0|0|0|0|0
1395744297|40.8|281.3|7.4|7.04|8.6|232.9|49.99|1999|3278.9|4090|1|0|0|0|0|0|0|0|0|0
1395744357|41|287.8|9.8|7.08|11.5|233.5|49.98|2684|3278.9|4090|1|0|0|0|0|0|0|0|0|0
1395744417|41.1|281.3|9.5|7.12|10.9|233.7|49.96|2557|3279|4090|1|0|0|0|0|0|0|0|0|0
1395744477|41.4|284.1|8|7.16|9.4|233.3|49.99|2183|3279|4090|1|0|0|0|0|0|0|0|0|0
1395744537|41.5|282.1|8.3|7.2|9.6|232.8|49.98|2247|3279.1|4090|1|0|0|0|0|0|0|0|0|0
1395744597|41.5|283.6|8.3|7.24|9.7|232.7|49.97|2252|3279.1|4090|1|0|0|0|0|0|0|0|0|0
1395744657|41.5|284.9|9.4|7.28|10.9|233.9|49.98|2550|3279.1|4090|1|0|0|0|0|0|0|0|0|0
1395744717|41.5|284.8|9.6|7.32|11.2|233.2|49.98|2606|3279.2|4090|1|0|0|0|0|0|0|0|0|0
1395744777|41.7|281.3|8.8|7.36|10.1|233.8|49.99|2365|3279.2|4090|1|0|0|0|0|0|0|0|0|0
1395744837|41.7|285.3|8.2|7.4|9.6|233.6|49.99|2248|3279.3|4090|1|0|0|0|0|0|0|0|0|0
1395744897|41.7|281.3|10|7.44|11.5|233.5|50|2692|3279.3|4090|1|0|0|0|0|0|0|0|0|0
1395744957|42.1|280.7|9.8|7.49|11.2|234|50|2617|3279.3|4090|1|0|0|0|0|0|0|0|0|0
1395745017|42.2|282.5|9.6|7.53|11|234.3|50.01|2587|3279.4|4090|1|0|0|0|0|0|0|0|0|0
1395745077|42.4|281.1|10.3|7.57|11.8|233.7|50.01|2755|3279.4|4090|1|0|0|0|0|0|0|0|0|0
1395745137|42.4|278.8|10.6|7.62|12.1|233.9|50|2816|3279.5|4090|1|0|0|0|0|0|0|0|0|0
1395745197|42.6|275.5|10.7|7.66|12|233.7|49.99|2798|3279.5|4090|1|0|0|0|0|0|0|0|0|0
1395745257|42.9|279.3|9.9|7.71|11.3|233.5|49.94|2626|3279.6|4090|1|0|0|0|0|0|0|0|0|0
1395745317|42.9|276.9|9.9|7.75|11.2|233.7|49.94|2613|3279.6|4091|1|0|0|0|0|0|0|0|0|0
1395745377|43|277.1|10.4|7.8|11.8|232.9|49.95|2752|3279.7|4091|1|0|0|0|0|0|0|0|0|0
1395745437|43.2|277.6|11|7.85|12.4|234|49.97|2908|3279.7|4091|1|0|0|0|0|0|0|0|0|0
1395745497|43.4|279.3|10.9|7.89|12.4|233.4|49.98|2888|3279.8|4091|1|0|0|0|0|0|0|0|0|0
1395745557|43.7|273.5|11.1|7.94|12.4|233|50|2894|3279.8|4091|1|0|0|0|0|0|0|0|0|0
1395745617|43.8|275.7|10.9|7.99|12.2|234|49.98|2860|3279.9|4091|1|0|0|0|0|0|0|0|0|0
1395745677|43.9|273.2|10.6|8.03|11.8|234.1|49.98|2755|3279.9|4091|1|0|0|0|0|0|0|0|0|0
1395745737|43.9|274.9|10.6|8.08|11.9|233.8|49.97|2787|3279.9|4091|1|0|0|0|0|0|0|0|0|0
1395745797|44|275|11|8.13|12.2|234.5|49.97|2869|3280|4091|1|0|0|0|0|0|0|0|0|0
1395745857|44.3|275.1|11.1|8.18|12.4|234.3|49.98|2908|3280|4091|1|0|0|0|0|0|0|0|0|0
1395745917|44.4|279|10.7|8.22|12.1|234.5|50|2831|3280.1|4091|1|0|0|0|0|0|0|0|0|0
1395745977|44.5|275.1|11.2|8.27|12.5|234.3|50|2916|3280.1|4091|1|0|0|0|0|0|0|0|0|0
1395746037|44.8|276.1|10.7|8.32|12|234.6|50|2815|3280.2|4091|1|0|0|0|0|0|0|0|0|0
1395746097|44.9|276|10.9|8.37|12.2|234.4|49.99|2859|3280.2|4091|1|0|0|0|0|0|0|0|0|0
1395746157|44.9|274.1|10.8|8.42|12|234.3|49.99|2808|3280.3|4091|1|0|0|0|0|0|0|0|0|0
1395746217|44.9|271.6|11.1|8.46|12.2|234.5|49.99|2862|3280.3|4091|1|0|0|0|0|0|0|0|0|0
1395746277|45.1|275.7|10.6|8.51|11.8|234.8|49.98|2778|3280.4|4091|1|0|0|0|0|0|0|0|0|0
1395746337|45|271.6|10.2|8.55|11.3|234.3|49.99|2643|3280.4|4091|1|0|0|0|0|0|0|0|0|0
1395746397|45|279|10.2|8.6|11.5|234.4|49.99|2700|3280.5|4091|1|0|0|0|0|0|0|0|0|0
1395746457|45.1|273.2|11|8.64|12.2|234.5|49.98|2865|3280.5|4091|1|0|0|0|0|0|0|0|0|0
1395746517|45.3|280.6|7.5|8.69|8.7|233.5|49.99|2023|3280.6|4091|1|0|0|0|0|0|0|0|0|0
1395746577|45.1|275.4|3.9|8.73|4.4|232.8|50.01|1033|3280.6|4091|1|0|0|0|0|0|0|0|0|0
1395746637|44.9|273.6|10.2|8.76|11.4|234.3|50|2657|3280.6|4091|1|0|0|0|0|0|0|0|0|0
1395746697|45.1|276.8|11|8.81|12.3|234.7|49.98|2891|3280.7|4091|1|0|0|0|0|0|0|0|0|0
1395746757|45.1|275.3|11.2|8.86|12.6|234|49.97|2934|3280.7|4091|1|0|0|0|0|0|0|0|0|0
1395746817|45.4|275.2|10.9|8.91|12.1|234.4|49.99|2842|3280.8|4091|1|0|0|0|0|0|0|0|0|0
1395746877|45.6|276.8|10.5|8.95|11.8|234.7|50|2778|3280.8|4091|1|0|0|0|0|0|0|0|0|0
1395746937|45.7|277.1|10.4|9|11.7|234.5|50|2744|3280.9|4091|1|0|0|0|0|0|0|0|0|0
1395746997|45.6|277.9|10.7|9.04|12.1|234.7|50|2824|3280.9|4091|1|0|0|0|0|0|0|0|0|0
1395747057|45.6|279.3|10.2|9.08|11.6|234.7|49.99|2727|3280.9|4091|1|0|0|0|0|0|0|0|0|0
1395747117|45.6|277.1|10.6|9.13|11.9|234.8|49.99|2794|3281|4091|1|0|0|0|0|0|0|0|0|0
1395747177|45.7|276.7|10.8|9.18|12.2|233.9|49.98|2842|3281|4091|1|0|0|0|0|0|0|0|0|0
1395747237|45.8|275.3|10.7|9.23|12|233.9|50|2813|3281.1|4091|1|0|0|0|0|0|0|0|0|0
1395747297|46.1|274.3|11.3|9.27|12.6|234.4|50.01|2950|3281.1|4091|1|0|0|0|0|0|0|0|0|0
1395747357|46.3|276.4|11.5|9.32|12.9|235|49.99|3021|3281.2|4091|1|0|0|0|0|0|0|0|0|0
1395747417|46.3|274.2|11.2|9.37|12.4|235.1|50.01|2924|3281.2|4091|1|0|0|0|0|0|0|0|0|0
1395747477|46.4|276.4|11|9.42|12.3|235|50.02|2893|3281.3|4091|1|0|0|0|0|0|0|0|0|0
1395747537|46.6|272.7|11.1|9.47|12.3|235|50.02|2877|3281.3|4091|1|0|0|0|0|0|0|0|0|0
1395747597|46.5|276.7|11.1|9.52|12.5|234.5|50|2928|3281.4|4091|1|0|0|0|0|0|0|0|0|0
1395747657|46.8|277.2|10.9|9.56|12.3|234.5|50|2873|3281.4|4091|1|0|0|0|0|0|0|0|0|0
1395747717|46.8|274.1|11.4|9.61|12.7|234.2|50.01|2972|3281.5|4091|1|0|0|0|0|0|0|0|0|0
1395747777|46.9|272.2|11.9|9.66|13.1|234.3|50|3069|3281.5|4091|1|0|0|0|0|0|0|0|0|0
1395747837|47|273.8|12.1|9.71|13.4|234.5|50.01|3131|3281.6|4091|1|0|0|0|0|0|0|0|0|0
1395747897|47.3|272.1|11.8|9.77|13|234.5|50|3040|3281.6|4091|1|0|0|0|0|0|0|0|0|0
1395747958|47.4|271.6|11.3|9.82|12.5|234.4|50|2921|3281.7|4091|1|0|0|0|0|0|0|0|0|0
1395748017|47.3|273.7|9.2|9.85|9.5|233.1|50|2176|3281.7|4091|1|0|0|0|0|0|0|0|0|0
1395748077|47.3|278.2|10.4|9.9|11.8|234.3|49.99|2753|3281.8|4091|1|0|0|0|0|0|0|0|0|0
1395748137|47.2|277.7|10.7|9.94|12|234.2|50.01|2818|3281.8|4091|1|0|0|0|0|0|0|0|0|0
1395748197|47.3|275.5|10.6|9.99|12|233.7|50|2809|3281.9|4091|1|0|0|0|0|0|0|0|0|0
1395748257|47.2|274.8|3|10.02|3.4|231.5|49.99|799|3281.9|4091|1|0|0|0|0|0|0|0|0|0
1395748317|46.8|282|9.5|10.06|11|234|50|2572|3281.9|4091|1|0|0|0|0|0|0|0|0|0
1395748377|46.4|275.2|2.3|10.08|2.7|231.4|50.01|633|3281.9|4091|1|0|0|0|0|0|0|0|0|0
1395748437|45.6|273.9|2.6|10.09|3|231.6|49.99|697|3282|4091|1|0|0|0|0|0|0|0|0|0
1395748498|44.9|279.8|2.7|10.1|3.2|232.4|50.01|749|3282|4091|1|0|0|0|0|0|0|0|0|0
1395748557|44.5|283.3|11|10.12|12.6|234.5|50|2949|3282|4091|1|0|0|0|0|0|0|0|0|0
1395748617|44.6|279.2|8.5|10.17|9.7|233.8|50|2264|3282|4091|1|0|0|0|0|0|0|0|0|0
1395748677|44.8|281.8|11.1|10.22|12.7|234.6|50.01|2984|3282.1|4091|1|0|0|0|0|0|0|0|0|0
1395748737|44.8|286.8|3.4|10.24|4.1|232.1|50|952|3282.1|4091|1|0|0|0|0|0|0|0|0|0
1395748797|44.3|278.8|2.6|10.26|3|232.3|50.01|707|3282.1|4091|1|0|0|0|0|0|0|0|0|0
1395748857|43.8|276.9|2.4|10.27|2.7|232.2|49.97|638|3282.1|4091|1|0|0|0|0|0|0|0|0|0
1395748917|43.3|286.1|2.5|10.28|3|232|49.96|697|3282.1|4092|1|0|0|0|0|0|0|0|0|0
1395748977|42.9|287.8|6.5|10.29|7.2|232.5|49.97|1665|3282.2|4092|1|0|0|0|0|0|0|0|0|0
1395749037|42.8|292.1|9.8|10.34|11.7|233.5|49.98|2738|3282.2|4092|1|0|0|0|0|0|0|0|0|0
1395749097|43|286.9|10.4|10.38|12.1|233|49.96|2820|3282.2|4092|1|0|0|0|0|0|0|0|0|0
1395749157|43.3|278.2|2.6|10.41|3.1|231.7|49.99|706|3282.3|4092|1|0|0|0|0|0|0|0|0|0
1395749217|42.8|278.9|2.4|10.42|2.9|231.8|49.98|665|3282.3|4092|1|0|0|0|0|0|0|0|0|0
1395749277|42.6|291.2|2.5|10.43|3.1|231.5|49.98|713|3282.3|4092|1|0|0|0|0|0|0|0|0|0
1395749337|42.1|290.5|3.5|10.45|4.1|232|49.97|967|3282.3|4092|1|0|0|0|0|0|0|0|0|0
1395749397|41.7|287.1|2.5|10.46|3.1|230.9|49.97|715|3282.3|4092|1|0|0|0|0|0|0|0|0|0
1395749457|41.3|287.1|2.3|10.47|2.8|231.5|49.98|657|3282.3|4092|1|0|0|0|0|0|0|0|0|0
1395749517|40.8|287.1|2.3|10.48|2.8|232|49.99|640|3282.3|4092|1|0|0|0|0|0|0|0|0|0
1395749577|40.4|294.9|7.9|10.5|9.7|233.5|49.98|2265|3282.4|4092|1|0|0|0|0|0|0|0|0|0
1395749637|40.7|294.8|2.9|10.53|3.6|231.9|49.97|841|3282.4|4092|1|0|0|0|0|0|0|0|0|0
1395749697|40.4|290.2|2.1|10.55|2.6|231.4|49.99|605|3282.4|4092|1|0|0|0|0|0|0|0|0|0
1395749757|40|288.6|2.2|10.56|2.6|231.5|50|611|3282.4|4092|1|0|0|0|0|0|0|0|0|0
1395749817|39.6|296.2|2.3|10.57|2.9|230.9|49.99|676|3282.4|4092|1|0|0|0|0|0|0|0|0|0
1395749877|39.5|290.6|2.9|10.58|3.6|232.1|50|841|3282.4|4092|1|0|0|0|0|0|0|0|0|0
1395749937|39.4|298.2|10.5|10.61|12.8|234.5|50|3002|3282.5|4092|1|0|0|0|0|0|0|0|0|0
1395749997|40|294.7|10.4|10.66|12.5|234.5|49.99|2926|3282.5|4092|1|0|0|0|0|0|0|0|0|0
1395750057|40.4|291.7|10.9|10.71|13|234.4|49.98|3034|3282.6|4092|1|0|0|0|0|0|0|0|0|0
1395750117|41|281.8|8.5|10.76|9.8|233|49.98|2294|3282.6|4092|1|0|0|0|0|0|0|0|0|0
1395750177|41|284.7|2.9|10.78|3.4|231.5|49.98|798|3282.6|4092|1|0|0|0|0|0|0|0|0|0
1395750237|40.5|280.8|2.5|10.8|2.9|232.3|49.99|683|3282.7|4092|1|0|0|0|0|0|0|0|0|0
1395750297|40|279.1|2.3|10.81|2.7|232|49.98|631|3282.7|4092|1|0|0|0|0|0|0|0|0|0
1395750357|39.9|282.8|2.1|10.82|2.6|232.1|49.99|592|3282.7|4092|1|0|0|0|0|0|0|0|0|0
1395750417|39.4|288.7|2.1|10.83|2.5|231.3|49.99|587|3282.7|4092|1|0|0|0|0|0|0|0|0|0
1395750477|39.1|281.2|2.2|10.84|2.6|232.3|50|606|3282.7|4092|1|0|0|0|0|0|0|0|0|0
1395750537|38.7|290.7|2.3|10.85|2.8|231.8|49.97|649|3282.7|4092|1|0|0|0|0|0|0|0|0|0
1395750597|38.6|289|2.6|10.86|3.2|231.8|49.97|741|3282.7|4092|1|0|0|0|0|0|0|0|0|0
1395750657|38.4|298.1|9.9|10.89|12|234.4|49.96|2814|3282.8|4092|1|0|0|0|0|0|0|0|0|0
1395750717|38.9|292.5|3.5|10.92|4.3|232.3|49.96|993|3282.8|4092|1|0|0|0|0|0|0|0|0|0
1395750777|38.7|284.1|2.5|10.94|2.9|231.8|49.96|682|3282.8|4092|1|0|0|0|0|0|0|0|0|0
1395750837|38.4|282.1|2.3|10.95|2.7|232.3|49.97|637|3282.8|4092|1|0|0|0|0|0|0|0|0|0
1395750897|38.2|289.7|2.2|10.96|2.7|231.5|49.96|616|3282.8|4092|1|0|0|0|0|0|0|0|0|0
1395750957|37.9|287.7|2.2|10.97|2.7|231.3|49.96|619|3282.8|4092|1|0|0|0|0|0|0|0|0|0
1395751017|37.4|288.1|2.3|10.98|2.8|230.7|49.96|645|3282.8|4092|1|0|0|0|0|0|0|0|0|0
1395751077|37.4|288.1|2.2|10.99|2.7|231.2|49.97|634|3282.9|4092|1|0|0|0|0|0|0|0|0|0
1395751137|37.1|284.1|2.1|11|2.6|231.3|49.97|600|3282.9|4092|1|0|0|0|0|0|0|0|0|0
1395751197|37|290|2|11.01|2.5|231|49.96|579|3282.9|4092|1|0|0|0|0|0|0|0|0|0
1395751257|36.7|286.1|2|11.02|2.5|230.8|49.95|572|3282.9|4092|1|0|0|0|0|0|0|0|0|0
1395751317|36.5|291.7|2|11.03|2.5|231.3|49.97|579|3282.9|4092|1|0|0|0|0|0|0|0|0|0
1395751377|36.2|294|2|11.04|2.6|231.3|49.98|596|3282.9|4092|1|0|0|0|0|0|0|0|0|0
1395751437|36.2|292.1|2.1|11.05|2.7|231|49.99|615|3282.9|4092|1|0|0|0|0|0|0|0|0|0
1395751497|36|291.7|2.2|11.06|2.7|231.1|49.97|625|3282.9|4092|1|0|0|0|0|0|0|0|0|0
1395751557|35.9|295.7|2.2|11.07|2.8|231.3|49.97|642|3282.9|4092|1|0|0|0|0|0|0|0|0|0
1395751617|35.7|299.6|2.4|11.08|3.1|231.3|49.98|704|3282.9|4092|1|0|0|0|0|0|0|0|0|0
1395751677|35.5|297.8|3|11.09|3.8|231|49.98|873|3283|4092|1|0|0|0|0|0|0|0|0|0
1395751737|35.3|297.8|3.6|11.11|4.5|231.5|50.02|1043|3283|4092|1|0|0|0|0|0|0|0|0|0
1395751798|35.3|299.9|3.7|11.13|4.6|231.9|50.02|1076|3283|4092|1|0|0|0|0|0|0|0|0|0
1395751857|35.7|297|10.3|11.16|12.5|234.1|50.01|2935|3283|4092|1|0|0|0|0|0|0|0|0|0
1395751917|36.2|292.8|10|11.21|12|234|50.01|2804|3283.1|4092|1|0|0|0|0|0|0|0|0|0
1395751977|36.7|293.1|9.9|11.26|11.8|234.2|50.01|2762|3283.1|4092|1|0|0|0|0|0|0|0|0|0
1395752037|37.3|289|9.8|11.3|11.6|234.2|50.03|2721|3283.2|4092|1|0|0|0|0|0|0|0|0|0
1395752097|37.7|287.1|10.1|11.35|11.9|234.2|50.01|2782|3283.2|4092|1|0|0|0|0|0|0|0|0|0
1395752157|38.2|288.7|10.3|11.4|12.1|234.5|50.02|2841|3283.3|4092|1|0|0|0|0|0|0|0|0|0
1395752217|38.4|286.7|10.3|11.44|12.1|234.4|50.01|2825|3283.3|4092|1|0|0|0|0|0|0|0|0|0
1395752277|38.9|284.6|10.2|11.49|11.9|234.3|50.01|2774|3283.4|4092|1|0|0|0|0|0|0|0|0|0
1395752337|39.3|284.3|10.1|11.54|11.7|234.5|50.02|2746|3283.4|4092|1|0|0|0|0|0|0|0|0|0
1395752397|39.4|284.3|9.8|11.58|11.4|234.2|50.01|2659|3283.4|4092|1|0|0|0|0|0|0|0|0|0
1395752457|39.6|280.6|9.5|11.62|10.9|234.2|49.99|2553|3283.5|4092|1|0|0|0|0|0|0|0|0|0
1395752517|39.6|274.6|2|11.65|2.4|231.7|49.98|553|3283.5|4093|1|0|0|0|0|0|0|0|0|0
1395752577|39.1|276.3|2|11.66|2.3|232.1|49.99|536|3283.5|4093|1|0|0|0|0|0|0|0|0|0
1395752637|38.6|276.7|2.1|11.66|2.5|231.9|49.97|569|3283.5|4093|1|0|0|0|0|0|0|0|0|0
1395752697|38.2|286.2|2.2|11.67|2.7|232|49.99|618|3283.5|4093|1|0|0|0|0|0|0|0|0|0
1395752757|38|282.7|2.4|11.68|2.9|232.2|49.99|663|3283.5|4093|1|0|0|0|0|0|0|0|0|0
1395752817|37.6|288.1|2.4|11.7|2.9|232|49.99|678|3283.6|4093|1|0|0|0|0|0|0|0|0|0
1395752877|37.3|286.1|2.4|11.71|2.9|231.8|50|665|3283.6|4093|1|0|0|0|0|0|0|0|0|0
1395752937|37|288.1|2.3|11.72|2.8|231.8|49.99|655|3283.6|4093|1|0|0|0|0|0|0|0|0|0
1395752997|36.7|288.1|2.3|11.73|2.8|232|49.99|656|3283.6|4093|1|0|0|0|0|0|0|0|0|0
1395753057|36.7|292.1|2.4|11.74|2.9|231.3|49.99|682|3283.6|4093|1|0|0|0|0|0|0|0|0|0
1395753117|36.2|292.2|2.5|11.75|3.1|231.4|50|712|3283.6|4093|1|0|0|0|0|0|0|0|0|0
1395753177|36.2|294.2|2.5|11.76|3.2|230.8|50|738|3283.6|4093|1|0|0|0|0|0|0|0|0|0
1395753237|35.9|290|2.5|11.78|3|231.5|49.99|703|3283.6|4093|1|0|0|0|0|0|0|0|0|0
1395753297|35.7|288.8|2.4|11.79|3|231.5|49.99|693|3283.7|4093|1|0|0|0|0|0|0|0|0|0
1395753357|35.7|290.7|2.5|11.8|3.1|232.4|50|709|3283.7|4093|1|0|0|0|0|0|0|0|0|0
1395753417|35.3|290.7|2.5|11.81|3|232.3|49.98|705|3283.7|4093|1|0|0|0|0|0|0|0|0|0
1395753477|35.2|292.1|2.4|11.82|3|232.3|49.97|701|3283.7|4093|1|0|0|0|0|0|0|0|0|0
1395753537|35|290.1|2.3|11.83|2.8|232.1|50|662|3283.7|4093|1|0|0|0|0|0|0|0|0|0
1395753597|35|294.7|2.2|11.84|2.8|232.4|49.98|639|3283.7|4093|1|0|0|0|0|0|0|0|0|0
1395753657|34.8|290.1|2.2|11.86|2.7|232.3|49.98|622|3283.7|4093|1|0|0|0|0|0|0|0|0|0
1395753717|34.7|292|2.2|11.87|2.7|232.2|49.98|625|3283.7|4093|1|0|0|0|0|0|0|0|0|0
1395753777|34.6|294|2.2|11.88|2.8|232.5|50|650|3283.7|4093|1|0|0|0|0|0|0|0|0|0
1395753837|34.3|294.1|2.4|11.89|3|232.3|50|690|3283.8|4093|1|0|0|0|0|0|0|0|0|0
1395753897|34.3|296.1|2.6|11.9|3.3|232|49.97|765|3283.8|4093|1|0|0|0|0|0|0|0|0|0
1395753957|34.4|302.7|5.1|11.92|6.4|233|49.97|1487|3283.8|4093|1|0|0|0|0|0|0|0|0|0
1395754017|34.6|300.6|3.8|11.95|4.8|232.9|49.99|1115|3283.8|4093|1|0|0|0|0|0|0|0|0|0
1395754077|34.4|295.1|2.8|11.96|3.5|232.4|49.99|824|3283.8|4093|1|0|0|0|0|0|0|0|0|0
1395754137|34.3|291.2|2.6|11.98|3.2|231.8|49.98|749|3283.8|4093|1|0|0|0|0|0|0|0|0|0
1395754197|34.1|294.3|3.2|11.99|4|231.3|49.98|915|3283.9|4093|1|0|0|0|0|0|0|0|0|0
1395754257|34.3|295.6|9.1|12.03|11|233.6|49.97|2571|3283.9|4093|1|0|0|0|0|0|0|0|0|0
1395754317|34.8|295.7|9|12.07|10.9|233.4|49.95|2539|3283.9|4093|1|0|0|0|0|0|0|0|0|0
1395754377|35.3|291.6|9|12.11|10.7|233.9|49.99|2511|3284|4093|1|0|0|0|0|0|0|0|0|0
1395754437|35.7|289.6|8.9|12.15|10.6|234|49.99|2480|3284|4093|1|0|0|0|0|0|0|0|0|0
1395754497|36.2|287.2|9.1|12.19|10.6|234|49.98|2488|3284.1|4093|1|0|0|0|0|0|0|0|0|0
1395754557|36.3|289.2|9|12.24|10.7|233.7|49.98|2504|3284.1|4093|1|0|0|0|0|0|0|0|0|0
1395754617|36.8|287.2|9|12.28|10.6|233.8|50|2479|3284.1|4093|1|0|0|0|0|0|0|0|0|0
1395754677|37.1|287.2|8.7|12.32|10.3|234.5|50|2406|3284.2|4093|1|0|0|0|0|0|0|0|0|0
1395754737|37.3|285.2|8.6|12.36|10.1|233.8|49.99|2353|3284.2|4093|1|0|0|0|0|0|0|0|0|0
1395754797|37.4|283.8|8.4|12.4|9.9|232.5|49.98|2296|3284.3|4093|1|0|0|0|0|0|0|0|0|0
1395754857|37.6|283.7|8.3|12.43|9.7|233.2|49.99|2267|3284.3|4093|1|0|0|0|0|0|0|0|0|0
1395754917|37.7|283.7|8.4|12.47|9.8|232.9|50.01|2277|3284.3|4093|1|0|0|0|0|0|0|0|0|0
1395754977|37.7|287|3.2|12.5|4|231.5|49.99|943|3284.4|4093|1|0|0|0|0|0|0|0|0|0
1395755037|37.4|284.6|2.2|12.51|2.6|231.5|49.99|606|3284.4|4093|1|0|0|0|0|0|0|0|0|0
1395755097|37.1|282.7|2|12.52|2.4|231.8|50|566|3284.4|4093|1|0|0|0|0|0|0|0|0|0
1395755157|36.7|288.5|2.1|12.53|2.6|231.8|49.98|594|3284.4|4093|1|0|0|0|0|0|0|0|0|0
1395755217|36.5|289.4|2.5|12.54|3|232.3|49.96|703|3284.4|4093|1|0|0|0|0|0|0|0|0|0
1395755277|36|289.6|2.2|12.56|2.7|232.3|49.98|627|3284.4|4093|1|0|0|0|0|0|0|0|0|0
1395755337|35.7|289.6|2.5|12.57|3|232.5|49.99|705|3284.4|4093|1|0|0|0|0|0|0|0|0|0
1395755397|35.7|292.6|2.4|12.59|2.9|232.5|49.98|684|3284.5|4093|1|0|0|0|0|0|0|0|0|0
1395755457|35.5|292.7|2.4|12.6|3|232.1|49.99|688|3284.5|4093|1|0|0|0|0|0|0|0|0|0
1395755517|35.3|289.6|4.7|12.61|5.6|233.1|49.97|1292|3284.5|4093|1|0|0|0|0|0|0|0|0|0
1395755577|35.2|297|2.1|12.63|2.6|232.5|49.97|603|3284.5|4093|1|0|0|0|0|0|0|0|0|0
1395755637|35|289|1.9|12.64|2.3|231.8|49.98|529|3284.5|4093|1|0|0|0|0|0|0|0|0|0
1395755697|35|285.7|1.7|12.65|2.1|231.8|49.99|478|3284.5|4093|1|0|0|0|0|0|0|0|0|0
1395755757|34.6|287.8|1.6|12.66|2|231.8|50|462|3284.5|4093|1|0|0|0|0|0|0|0|0|0
1395755817|34.6|285.7|1.6|12.67|2|231.3|49.99|449|3284.5|4093|1|0|0|0|0|0|0|0|0|0
1395755877|34.3|283.2|1.6|12.67|2|231.5|50|450|3284.5|4093|1|0|0|0|0|0|0|0|0|0
1395755937|34.1|287.7|1.6|12.68|2|231.8|50.01|460|3284.5|4093|1|0|0|0|0|0|0|0|0|0
1395755997|33.8|289.7|1.6|12.69|2|231.6|50.01|466|3284.6|4093|1|0|0|0|0|0|0|0|0|0
1395756057|33.8|293.1|1.6|12.7|2.1|232|49.98|472|3284.6|4093|1|0|0|0|0|0|0|0|0|0
1395756117|33.7|293|1.7|12.71|2.1|232|50|490|3284.6|4094|1|0|0|0|0|0|0|0|0|0
1395756177|33.5|290.3|2.5|12.71|3|232.3|50|691|3284.6|4094|1|0|0|0|0|0|0|0|0|0
1395756237|33.5|306|7.1|12.74|9|233.6|50.01|2107|3284.6|4094|1|0|0|0|0|0|0|0|0|0
1395756297|33.8|302|7.1|12.77|8.9|234.5|50.01|2090|3284.6|4094|1|0|0|0|0|0|0|0|0|0
1395756357|34.1|301.3|5.8|12.81|7.4|233.4|50.03|1738|3284.7|4094|1|0|0|0|0|0|0|0|0|0
1395756417|34.3|287|7|12.83|8.4|233.7|50.03|1955|3284.7|4094|1|0|0|0|0|0|0|0|0|0
1395756477|34.4|286.7|5|12.86|5.8|233.2|50.01|1367|3284.7|4094|1|0|0|0|0|0|0|0|0|0
1395756537|34.3|278.7|1.1|12.87|1.4|232|50|324|3284.7|4094|1|0|0|0|0|0|0|0|0|0
1395756597|34.1|280.3|1.1|12.87|1.4|232.2|50.01|307|3284.7|4094|1|0|0|0|0|0|0|0|0|0
1395756657|33.8|278.7|1|12.88|1.3|232|50|300|3284.7|4094|1|0|0|0|0|0|0|0|0|0
1395756717|33.7|286.2|1|12.88|1.3|231.8|50.01|295|3284.7|4094|1|0|0|0|0|0|0|0|0|0
1395756778|33.4|284.6|1|12.89|1.3|232.3|50|297|3284.8|4094|1|0|0|0|0|0|0|0|0|0
1395756837|33.2|280.7|1.1|12.89|1.4|232|50.01|304|3284.8|4094|1|0|0|0|0|0|0|0|0|0
1395756897|33.2|290.2|1.1|12.9|1.4|232.1|50.01|314|3284.8|4094|1|0|0|0|0|0|0|0|0|0
1395756957|32.9|296.2|1.1|12.9|1.4|231.8|49.99|324|3284.8|4094|1|0|0|0|0|0|0|0|0|0
1395757017|32.7|284.7|1.2|12.91|1.5|231.8|49.99|342|3284.8|4094|1|0|0|0|0|0|0|0|0|0
1395757077|32.4|292.6|1.2|12.92|1.6|231.8|49.98|357|3284.8|4094|1|0|0|0|0|0|0|0|0|0
1395757137|32.4|288.6|1.3|12.92|1.6|232|49.98|369|3284.8|4094|1|0|0|0|0|0|0|0|0|0
1395757197|32.4|290.2|1.3|12.93|1.7|231.8|50|382|3284.8|4094|1|0|0|0|0|0|0|0|0|0
1395757257|32.2|292.2|1.3|12.93|1.7|231.8|49.99|396|3284.8|4094|1|0|0|0|0|0|0|0|0|0
1395757317|32.1|290.2|1.4|12.94|1.8|231.8|49.97|415|3284.8|4094|1|0|0|0|0|0|0|0|0|0
1395757377|32.1|298.2|1.4|12.95|1.9|231.8|50|429|3284.8|4094|1|0|0|0|0|0|0|0|0|0
1395757437|31.9|294.6|1.5|12.96|1.9|232|49.99|445|3284.8|4094|1|0|0|0|0|0|0|0|0|0
1395757497|31.9|294.6|1.6|12.96|2|232.1|50.01|462|3284.8|4094|1|0|0|0|0|0|0|0|0|0
1395757557|31.9|298.2|1.6|12.97|2.1|232|49.99|479|3284.8|4094|1|0|0|0|0|0|0|0|0|0
1395757617|31.7|296.6|1.7|12.98|2.2|231.8|50|514|3284.8|4094|1|0|0|0|0|0|0|0|0|0
1395757677|31.7|300.1|1.9|12.99|2.4|231.5|50|564|3284.9|4094|1|0|0|0|0|0|0|0|0|0
1395757737|31.5|300.5|2.4|13|3.1|231.8|50|713|3284.9|4094|1|0|0|0|0|0|0|0|0|0
1395757797|31.5|294.3|4.5|13.01|5.5|232.5|49.97|1285|3284.9|4094|1|0|0|0|0|0|0|0|0|0
1395757857|31.7|292.1|2.8|13.03|3.4|232.1|49.97|792|3284.9|4094|1|0|0|0|0|0|0|0|0|0
1395757917|31.7|280.7|2.3|13.04|2.7|231.7|50|634|3284.9|4094|1|0|0|0|0|0|0|0|0|0
1395757977|31.7|288.2|2.1|13.05|2.6|231.9|49.98|604|3284.9|4094|1|0|0|0|0|0|0|0|0|0
1395758037|31.9|290.2|2.8|13.07|3.4|232|49.99|799|3284.9|4094|1|0|0|0|0|0|0|0|0|0
1395758097|31.5|290.3|2.6|13.08|3.2|232.4|49.98|733|3284.9|4094|1|0|0|0|0|0|0|0|0|0
1395758157|31.5|290.6|1.8|13.09|2.2|231.5|49.99|510|3285|4094|1|0|0|0|0|0|0|0|0|0
1395758217|31.5|294.6|1.6|13.1|2|232|49.99|468|3285|4094|1|0|0|0|0|0|0|0|0|0
1395758277|31.3|288.2|1.6|13.1|2|231.8|49.97|452|3285|4094|1|0|0|0|0|0|0|0|0|0
1395758337|31.2|286.6|1.6|13.11|2|231.8|50|452|3285|4094|1|0|0|0|0|0|0|0|0|0
1395758397|31.2|294.2|1.6|13.12|2|231.3|49.99|469|3285|4094|1|0|0|0|0|0|0|0|0|0
1395758457|31.2|296.2|1.7|13.13|2.2|231|49.98|494|3285|4094|1|0|0|0|0|0|0|0|0|0
1395758517|31|301|2.4|13.14|3.1|231.7|49.96|709|3285|4094|1|0|0|0|0|0|0|0|0|0
1395758577|31.2|286.8|5.5|13.16|6.6|232|49.96|1524|3285|4094|1|0|0|0|0|0|0|0|0|0
1395758637|31.3|282.9|5.7|13.18|6.7|231.3|49.97|1553|3285|4094|1|0|0|0|0|0|0|0|0|0
1395758697|31.3|282.9|5.7|13.21|6.7|232|49.98|1564|3285.1|4094|1|0|0|0|0|0|0|0|0|0
1395758757|31.9|282.8|5.7|13.23|6.7|232.3|49.96|1550|3285.1|4094|1|0|0|0|0|0|0|0|0|0
1395758817|31.7|276.9|3.1|13.26|3.7|232|49.97|852|3285.1|4094|1|0|0|0|0|0|0|0|0|0
1395758877|31.9|283.4|5.3|13.27|6.3|232.5|49.97|1470|3285.1|4094|1|0|0|0|0|0|0|0|0|0
1395758937|31.9|277.6|5|13.3|5.8|233.3|49.99|1354|3285.2|4094|1|0|0|0|0|0|0|0|0|0
1395758997|32.1|277.4|4.5|13.32|5.2|232.8|50|1219|3285.2|4094|1|0|0|0|0|0|0|0|0|0
1395759057|32.1|275.6|4.7|13.34|5.4|232.6|49.99|1257|3285.2|4094|1|0|0|0|0|0|0|0|0|0
1395759117|32.1|279.4|5.1|13.36|6|232.8|50.01|1388|3285.2|4094|1|0|0|0|0|0|0|0|0|0
1395759177|32.2|283.4|5.1|13.39|5.9|233.4|49.99|1390|3285.2|4094|1|0|0|0|0|0|0|0|0|0
1395759237|32.2|283.7|5.1|13.41|6|233.5|49.99|1405|3285.3|4094|1|0|0|0|0|0|0|0|0|0
1395759297|32.6|289.2|4.9|13.43|5.9|233.3|49.98|1377|3285.3|4094|1|0|0|0|0|0|0|0|0|0
1395759357|32.4|289.5|4.8|13.46|5.8|232.7|49.98|1356|3285.3|4094|1|0|0|0|0|0|0|0|0|0
1395759417|32.4|295.2|4.5|13.48|5.5|232.8|49.98|1291|3285.3|4094|1|0|0|0|0|0|0|0|0|0
1395759477|32.6|283.6|2|13.49|2.5|231.9|49.98|573|3285.4|4094|1|0|0|0|0|0|0|0|0|0
1395759537|32.4|281.7|4.9|13.51|5.7|232.8|50|1331|3285.4|4094|1|0|0|0|0|0|0|0|0|0
1395759597|32.4|269.7|5.3|13.53|5.9|233.5|49.99|1375|3285.4|4094|1|0|0|0|0|0|0|0|0|0
1395759657|32.4|271.4|5.2|13.55|5.9|233.5|49.99|1368|3285.4|4094|1|0|0|0|0|0|0|0|0|0
1395759717|32.6|273.8|5.2|13.57|5.9|233.4|50|1384|3285.4|4095|1|0|0|0|0|0|0|0|0|0
1395759777|32.6|273.8|5.2|13.6|5.9|233.5|49.99|1380|3285.5|4095|1|0|0|0|0|0|0|0|0|0
1395759837|32.6|274.1|5.2|13.62|5.9|233.4|50|1378|3285.5|4095|1|0|0|0|0|0|0|0|0|0
1395759897|32.7|277.9|5.1|13.64|5.9|233.3|50|1373|3285.5|4095|1|0|0|0|0|0|0|0|0|0
1395759957|32.9|276.3|5.1|13.67|5.8|232.5|50|1353|3285.5|4095|1|0|0|0|0|0|0|0|0|0
1395760017|32.9|279.7|4.8|13.69|5.6|233.3|50|1309|3285.6|4095|1|0|0|0|0|0|0|0|0|0
1395760077|32.9|280.2|4.7|13.71|5.4|232.9|49.99|1263|3285.6|4095|1|0|0|0|0|0|0|0|0|0
1395760137|32.9|280.3|4.4|13.73|5.2|233|50|1207|3285.6|4095|1|0|0|0|0|0|0|0|0|0
1395760197|32.7|280.2|4.3|13.75|5|232.8|50|1174|3285.6|4095|1|0|0|0|0|0|0|0|0|0
1395760257|32.9|281.6|4.1|13.77|4.8|233|50.01|1121|3285.6|4095|1|0|0|0|0|0|0|0|0|0
1395760317|32.7|285.7|2|13.78|2.4|232|50.01|556|3285.6|4095|1|0|0|0|0|0|0|0|0|0
1395760377|32.7|283.8|1.9|13.79|2.3|232|50.02|524|3285.7|4095|1|0|0|0|0|0|0|0|0|0
1395760437|32.6|284.3|1.9|13.8|2.3|232|50|521|3285.7|4095|1|0|0|0|0|0|0|0|0|0
1395760497|32.4|289.7|1.8|13.81|2.3|232.1|49.99|528|3285.7|4095|1|0|0|0|0|0|0|0|0|0
1395760557|32.2|289.9|2.6|13.82|3.2|232.5|49.99|730|3285.7|4095|1|0|0|0|0|0|0|0|0|0
1395760617|32.2|288.3|3.2|13.84|3.8|232.5|49.98|893|3285.7|4095|1|0|0|0|0|0|0|0|0|0
1395760677|32.1|284.3|3.3|13.85|3.9|232.5|49.99|908|3285.7|4095|1|0|0|0|0|0|0|0|0|0
1395760737|32.1|269.7|3.4|13.87|3.9|232.8|50|903|3285.7|4095|1|0|0|0|0|0|0|0|0|0
1395760797|32.1|275.7|3.3|13.88|3.8|233|49.99|893|3285.7|4095|1|0|0|0|0|0|0|0|0|0
1395760857|32.1|270.4|3.3|13.9|3.8|232.8|49.99|876|3285.8|4095|1|0|0|0|0|0|0|0|0|0
1395760917|32.1|271.6|3.2|13.91|3.6|232.7|49.99|846|3285.8|4095|1|0|0|0|0|0|0|0|0|0
1395760977|32.1|280.3|3|13.92|3.6|232.8|50|832|3285.8|4095|1|0|0|0|0|0|0|0|0|0
1395761037|31.9|280.3|3|13.94|3.5|233|50.01|816|3285.8|4095|1|0|0|0|0|0|0|0|0|0
1395761097|31.9|295.5|2.8|13.95|3.4|233.3|50|805|3285.8|4095|1|0|0|0|0|0|0|0|0|0
1395761157|31.9|288.2|2.7|13.96|3.3|233|50.01|769|3285.8|4095|1|0|0|0|0|0|0|0|0|0
1395761217|31.9|287.5|2.6|13.98|3.1|232.3|49.99|728|3285.8|4095|1|0|0|0|0|0|0|0|0|0
1395761277|31.9|286.2|2.4|13.99|2.9|231.9|49.98|681|3285.9|4095|1|0|0|0|0|0|0|0|0|0
1395761337|31.7|290.2|2.1|14|2.7|231.6|49.99|614|3285.9|4095|1|0|0|0|0|0|0|0|0|0
1395761397|31.5|291.6|2.1|14.01|2.5|232.3|50.01|591|3285.9|4095|1|0|0|0|0|0|0|0|0|0
1395761457|31.5|287.5|1.9|14.02|2.3|232.6|49.99|525|3285.9|4095|1|0|0|0|0|0|0|0|0|0
1395761517|31.5|287.5|1|14.03|1.3|232.5|49.99|300|3285.9|4095|1|0|0|0|0|0|0|0|0|0
1395761577|31.3|279.6|1|14.03|1.3|232.7|49.98|288|3285.9|4095|1|0|0|0|0|0|0|0|0|0
1395761637|31.2|277.6|1|14.04|1.3|232.8|49.97|283|3285.9|4095|1|0|0|0|0|0|0|0|0|0
1395761697|31|281.6|1|14.04|1.3|232.8|49.99|291|3285.9|4095|1|0|0|0|0|0|0|0|0|0
1395761757|31|290.3|1.2|14.05|1.6|232.6|49.97|354|3285.9|4095|1|0|0|0|0|0|0|0|0|0
1395761817|30.6|287.5|1.1|14.05|1.4|232.5|49.98|326|3285.9|4095|1|0|0|0|0|0|0|0|0|0
1395761877|30.8|286.3|1.6|14.06|2|232.5|49.98|468|3285.9|4095|1|0|0|0|0|0|0|0|0|0
1395761937|30.4|295.5|1.4|14.07|1.8|232.5|49.99|416|3285.9|4095|1|0|0|0|0|0|0|0|0|0
1395761997|30.6|298.2|1.5|14.07|2|232.5|49.99|467|3285.9|4095|1|0|0|0|0|0|0|0|0|0
1395762057|30.6|292.3|1.7|14.08|2.1|232.4|49.98|492|3285.9|4095|1|0|0|0|0|0|0|0|0|0
1395762117|30.2|304.1|2|14.09|2.5|233|49.99|593|3286|4095|1|0|0|0|0|0|0|0|0|0
1395762177|30.2|306.1|2|14.1|2.6|233|50.01|612|3286|4095|1|0|0|0|0|0|0|0|0|0
1395762237|30.4|302.1|2.1|14.11|2.7|232.5|49.98|625|3286|4095|1|0|0|0|0|0|0|0|0|0
1395762297|30.4|300.1|2.1|14.12|2.7|233|50|619|3286|4095|1|0|0|0|0|0|0|0|0|0
1395762357|30.2|296.2|2.2|14.13|2.8|232.8|49.98|645|3286|4095|1|0|0|0|0|0|0|0|0|0
1395762417|30.4|303.5|2.3|14.14|2.9|233.3|49.98|676|3286|4095|1|0|0|0|0|0|0|0|0|0
1395762477|30.2|304.1|2.3|14.15|3|233.5|49.99|698|3286|4095|1|0|0|0|0|0|0|0|0|0
1395762537|30.2|297.6|2.5|14.17|3.1|233.2|49.99|722|3286|4095|1|0|0|0|0|0|0|0|0|0
1395762597|30.4|299.5|2.5|14.18|3.2|233.4|49.99|750|3286|4095|1|0|0|0|0|0|0|0|0|0
1395762657|30.2|296.2|2.6|14.19|3.3|233.5|49.99|760|3286.1|4095|1|0|0|0|0|0|0|0|0|0
1395762717|30.2|294.2|2.6|14.2|3.2|233.3|49.98|740|3286.1|4095|1|0|0|0|0|0|0|0|0|0
1395762777|30.4|297.5|2.4|14.21|3.1|233.8|49.99|714|3286.1|4095|1|0|0|0|0|0|0|0|0|0
1395762837|30.4|294.2|2.3|14.23|2.9|233.9|50|672|3286.1|4095|1|0|0|0|0|0|0|0|0|0
1395762897|30|297.5|1.6|14.24|2.1|233.5|49.98|490|3286.1|4095|1|0|0|0|0|0|0|0|0|0
1395762957|30|286.2|1.4|14.24|1.8|233|49.99|408|3286.1|4095|1|0|0|0|0|0|0|0|0|0
1395763017|30|286.2|1.4|14.25|1.8|233.5|50.01|407|3286.1|4095|1|0|0|0|0|0|0|0|0|0
1395763077|30|291.6|1.4|14.26|1.8|233.8|50|418|3286.1|4095|1|0|0|0|0|0|0|0|0|0
1395763137|30|294.2|1.4|14.26|1.8|233|49.99|424|3286.1|4095|1|0|0|0|0|0|0|0|0|0
1395763197|29.8|294.2|1.5|14.27|1.9|233.7|50.02|437|3286.1|4095|1|0|0|0|0|0|0|0|0|0
1395763257|29.8|296.3|1.8|14.28|2.2|234|50.03|521|3286.1|4095|1|0|0|0|0|0|0|0|0|0
1395763317|29.8|302.1|2|14.29|2.6|233.7|50.04|605|3286.2|4096|1|0|0|0|0|0|0|0|0|0
1395763377|29.8|296.2|2|14.3|2.5|234|50.04|585|3286.2|4096|1|0|0|0|0|0|0|0|0|0
1395763437|29.8|290.3|1.4|14.31|1.8|233.7|50.01|407|3286.2|4096|1|0|0|0|0|0|0|0|0|0
1395763497|29.7|296.2|1.3|14.32|1.7|234|50.02|390|3286.2|4096|1|0|0|0|0|0|0|0|0|0
1395763557|29.7|290.7|1.3|14.32|1.6|233|50.01|374|3286.2|4096|1|0|0|0|0|0|0|0|0|0
1395763617|29.5|281.2|1.3|14.33|1.6|233.3|50|363|3286.2|4096|1|0|0|0|0|0|0|0|0|0
1395763677|29.5|282.8|1.3|14.33|1.6|233.3|50|361|3286.2|4096|1|0|0|0|0|0|0|0|0|0
1395763737|29.5|279.3|1.3|14.34|1.6|233|50.02|364|3286.2|4096|1|0|0|0|0|0|0|0|0|0
1395763797|29.4|288.7|1.3|14.35|1.6|233.6|50.01|371|3286.2|4096|1|0|0|0|0|0|0|0|0|0
1395763857|29.4|287.1|1.3|14.35|1.6|232.9|50.01|370|3286.2|4096|1|0|0|0|0|0|0|0|0|0
1395763917|29.2|277.1|1.3|14.36|1.6|233|50|361|3286.2|4096|1|0|0|0|0|0|0|0|0|0
1395763977|29.2|282.7|1.2|14.36|1.6|232.8|50|356|3286.2|4096|1|0|0|0|0|0|0|0|0|0
1395764037|29.2|292.7|1.2|14.37|1.5|232.5|50|352|3286.2|4096|1|0|0|0|0|0|0|0|0|0
1395764097|29.2|296.7|1.1|14.38|1.5|232.5|50|340|3286.2|4096|1|0|0|0|0|0|0|0|0|0
1395764157|29.2|289|1.2|14.38|1.5|232.8|50|352|3286.2|4096|1|0|0|0|0|0|0|0|0|0
1395764217|29.2|292.7|1.4|14.39|1.8|232.4|49.99|413|3286.3|4096|1|0|0|0|0|0|0|0|0|0
1395764277|29|300.6|1.4|14.39|1.9|233|49.99|434|3286.3|4096|1|0|0|0|0|0|0|0|0|0
1395764337|29.2|296.7|1.4|14.4|1.8|231.3|50|423|3286.3|4096|1|0|0|0|0|0|0|0|0|0
1395764397|29|285.1|1.4|14.41|1.8|231.4|50|407|3286.3|4096|1|0|0|0|0|0|0|0|0|0
1395764457|29|290.7|1.4|14.42|1.8|231.3|49.98|401|3286.3|4096|1|0|0|0|0|0|0|0|0|0
1395764518|29|297.1|1.3|14.42|1.7|231.3|49.99|395|3286.3|4096|1|0|0|0|0|0|0|0|0|0
1395764577|28.9|296.7|1.3|14.43|1.7|231.8|49.97|384|3286.3|4096|1|0|0|0|0|0|0|0|0|0
1395764637|28.9|289|1.3|14.43|1.6|230.9|49.98|371|3286.3|4096|1|0|0|0|0|0|0|0|0|0
1395764697|28.9|296.7|1.2|14.44|1.6|231.4|49.98|363|3286.3|4096|1|0|0|0|0|0|0|0|0|0
1395764757|29|296.7|1.1|14.45|1.5|231.4|49.98|349|3286.3|4096|1|0|0|0|0|0|0|0|0|0
1395764817|28.9|288.7|1.1|14.45|1.5|231.8|49.96|329|3286.3|4096|1|0|0|0|0|0|0|0|0|0
1395764877|28.9|292.7|1.1|14.46|1.4|231.8|49.98|316|3286.3|4096|1|0|0|0|0|0|0|0|0|0
1395764937|28.9|294.7|1|14.46|1.4|230.9|49.97|304|3286.3|4096|1|0|0|0|0|0|0|0|0|0
1395764997|28.7|291.1|1|14.47|1.3|230.7|49.98|294|3286.3|4096|1|0|0|0|0|0|0|0|0|0
1395765057|28.7|283.2|1|14.47|1.3|231|49.98|282|3286.3|4096|1|0|0|0|0|0|0|0|0|0
1395765117|28.9|292.7|0.9|14.48|1.3|230.4|49.99|276|3286.3|4096|1|0|0|0|0|0|0|0|0|0
1395765177|28.7|294.7|0.9|14.48|1.2|230.2|50|268|3286.3|4096|1|0|0|0|0|0|0|0|0|0
1395765237|28.7|291.1|0.9|14.49|1.2|230.5|49.97|260|3286.3|4096|1|0|0|0|0|0|0|0|0|0
1395765297|28.7|291.1|0.8|14.49|1.2|231.6|49.97|253|3286.4|4096|1|0|0|0|0|0|0|0|0|0
1395765357|28.5|285.1|0.8|14.49|1.1|231.5|49.99|246|3286.4|4096|1|0|0|0|0|0|0|0|0|0
1395765417|28.5|273.2|0.8|14.5|1.1|231|49.98|234|3286.4|4096|1|0|0|0|0|0|0|0|0|0
1395765477|28.5|278.8|0.8|14.5|1.1|231|49.96|230|3286.4|4096|1|0|0|0|0|0|0|0|0|0
1395765537|28.5|281.1|0.8|14.51|1.1|231.1|49.96|225|3286.4|4096|1|0|0|0|0|0|0|0|0|0
1395765597|28.5|288.7|0.7|14.51|1|230.3|49.97|219|3286.4|4096|1|0|0|0|0|0|0|0|0|0
1395765657|28.3|281.2|0.7|14.51|1|230.3|49.97|210|3286.4|4096|1|0|0|0|0|0|0|0|0|0
1395765717|28.3|282.8|0.7|14.52|1|230.5|49.96|202|3286.4|4096|1|0|0|0|0|0|0|0|0|0
1395765777|28.3|286.7|0.6|14.52|1|230.3|49.96|196|3286.4|4096|1|0|0|0|0|0|0|0|0|0
1395765837|28.1|280.8|0.6|14.52|0.9|232.8|49.97|187|3286.4|4096|1|0|0|0|0|0|0|0|0|0
1395765897|28.1|281.2|0.6|14.53|0.9|227.8|49.97|181|3286.4|4096|1|0|0|0|0|0|0|0|0|0
1395765957|28.1|278.8|0.6|14.53|0.9|230.2|49.97|173|3286.4|4096|1|0|0|0|0|0|0|0|0|0
1395766017|28.1|276.8|0.6|14.53|0.9|229.8|49.98|168|3286.4|4096|1|0|0|0|0|0|0|0|0|0
1395766077|28.1|284.7|0.5|14.54|0.9|230.3|49.97|166|3286.4|4096|1|0|0|0|0|0|0|0|0|0
1395766137|28.1|278.8|0.5|14.54|0.8|230|50|161|3286.4|4096|1|0|0|0|0|0|0|0|0|0
1395766197|28|269.2|0.5|14.54|0.8|229.2|49.99|155|3286.4|4096|1|0|0|0|0|0|0|0|0|0
1395766257|28|273.2|0.5|14.54|0.8|229.8|49.99|153|3286.4|4096|1|0|0|0|0|0|0|0|0|0
1395766317|28|274.7|0.5|14.55|0.8|230.1|49.98|149|3286.4|4096|1|0|0|0|0|0|0|0|0|0
1395766377|27.8|277.2|0.5|14.55|0.8|230.2|49.97|146|3286.4|4096|1|0|0|0|0|0|0|0|0|0
1395766437|28|277.4|0.5|14.55|0.8|230|49.98|141|3286.4|4096|1|0|0|0|0|0|0|0|0|0
1395766497|27.8|269.3|0.4|14.55|0.8|230.3|49.98|133|3286.4|4096|1|0|0|0|0|0|0|0|0|0
1395766557|27.8|264.9|0.4|14.55|0.8|230.4|49.99|126|3286.4|4096|1|0|0|0|0|0|0|0|0|0
1395766617|27.8|270.8|0.4|14.56|0.8|231|50|123|3286.4|4096|1|0|0|0|0|0|0|0|0|0
1395766677|27.6|257.4|0.4|14.56|0.7|231.7|50.02|117|3286.4|4096|1|0|0|0|0|0|0|0|0|0
1395766737|27.8|255.4|0.4|14.56|0.7|231|50.02|112|3286.4|4096|1|0|0|0|0|0|0|0|0|0
1395766797|27.8|249.8|0.4|14.56|0.7|232.1|50.04|108|3286.4|4096|1|0|0|0|0|0|0|0|0|0
1395766857|27.6|257.4|0.4|14.56|0.7|232.2|50.07|109|3286.4|4096|1|0|0|0|0|0|0|0|0|0
1395766917|27.6|264.9|0.4|14.57|0.7|232.3|50.07|109|3286.4|4097|1|0|0|0|0|0|0|0|0|0
1395766977|27.4|264.9|0.3|14.57|0.7|232.1|50.07|106|3286.4|4097|1|0|0|0|0|0|0|0|0|0
1395767037|27.4|257.5|0.3|14.57|0.7|232.2|50.07|104|3286.4|4097|1|0|0|0|0|0|0|0|0|0
1395767097|27.4|271.2|0.3|14.57|0.7|232.2|50.07|102|3286.4|4097|1|0|0|0|0|0|0|0|0|0
1395767157|27.4|276.6|0.3|14.57|0.7|231.5|50.06|100|3286.4|4097|1|0|0|0|0|0|0|0|0|0
1395767217|27.4|270.3|0.3|14.58|0.6|232.2|50.06|95|3286.4|4097|1|0|0|0|0|0|0|0|0|0
1395767277|27.2|271.6|0.3|14.58|0.6|231.8|50.05|94|3286.4|4097|1|0|0|0|0|0|0|0|0|0
1395767337|27.4|263|0.3|14.58|0.6|231.5|50.05|93|3286.4|4097|1|0|0|0|0|0|0|0|0|0
1395767397|27.4|269.4|0.2|14.58|0.6|232.2|50.03|86|3286.4|4097|1|0|0|0|0|0|0|0|0|0
1395767457|27.2|270.7|0.2|14.58|0.6|232|50.03|89|3286.4|4097|1|0|0|0|0|0|0|0|0|0
1395767517|27.4|266.5|0.2|14.58|0.6|231|50.03|84|3286.4|4097|1|0|0|0|0|0|0|0|0|0
1395767577|27.2|273.3|0.2|14.58|0.6|230.9|50.02|85|3286.4|4097|1|0|0|0|0|0|0|0|0|0
1395767637|27.2|267.7|0.2|14.59|0.6|228.8|49.99|73|3286.4|4097|1|0|0|0|0|0|0|0|0|0
1395767697|27.2|266.7|0.2|14.59|0.6|229|50.01|78|3286.4|4097|1|0|0|0|0|0|0|0|0|0
1395767757|27|257.4|0.2|14.59|0.5|228.7|50|76|3286.5|4097|1|0|0|0|0|0|0|0|0|0
1395767818|27.2|249.5|0.2|14.59|0.5|227.8|50|73|3286.5|4097|1|0|0|0|0|0|0|0|0|0
1395767877|27|243.8|0.2|14.59|0.5|228.8|49.98|69|3286.5|4097|1|0|0|0|0|0|0|0|0|0
1395767937|27|238.8|0.2|14.59|0.5|228.4|49.96|58|3286.5|4097|1|0|0|0|0|0|0|0|0|0
1395767997|27|236.9|0.2|14.59|0.5|227|49.96|57|3286.5|4097|1|0|0|0|0|0|0|0|0|0
1395768057|27|220.3|0.2|14.59|0.5|232.1|49.96|51|3286.5|4097|1|0|0|0|0|0|0|0|0|0
1395768117|27|213.4|0.2|14.59|0.5|232.8|49.96|45|3286.5|4097|1|0|0|0|0|0|0|0|0|0
1395768177|26.8|189.2|0.2|14.59|0.5|232.5|49.94|41|3286.5|4097|1|0|0|0|0|0|0|0|0|0
1395768237|26.8|321.5|0|14.59|0|231.4|49.95|0|3286.5|4097|0|0|0|0|0|0|0|0|0|0
1395768297|27|281.2|0.1|14.6|0.5|232.5|49.95|60|3286.5|4097|1|0|0|0|0|0|0|0|0|0
1395768357|26.8|261.2|0.1|14.6|0.5|232.5|49.96|50|3286.5|4097|1|0|0|0|0|0|0|0|0|0
1395768417|26.8|236.9|0.1|14.6|0.5|232|49.95|47|3286.5|4097|1|0|0|0|0|0|0|0|0|0
1395768477|26.8|222.4|0.1|14.6|0.5|232|49.95|41|3286.5|4097|1|0|0|0|0|0|0|0|0|0
1395768537|26.6|199.2|0.1|14.6|0.5|232.5|49.97|37|3286.5|4097|1|0|0|0|0|0|0|0|0|0
1395768597|26.8|186.3|0.1|14.6|0.5|232.3|49.98|33|3286.5|4097|1|0|0|0|0|0|0|0|0|0
1395768657|26.8|317.3|0|14.6|0|232|49.97|0|3286.5|4097|0|0|0|0|0|0|0|0|0|0
1395768717|26.6|272.4|0|14.6|0.5|230|49.97|39|3286.5|4097|1|0|0|0|0|0|0|0|0|0
1395768777|26.8|248.1|0.1|14.6|0.5|230.3|49.97|36|3286.5|4097|1|0|0|0|0|0|0|0|0|0
1395768837|26.6|237.7|0|14.6|0.5|230.3|49.97|33|3286.5|4097|1|0|0|0|0|0|0|0|0|0
1395768897|26.4|196.4|0.1|14.6|0.4|229.8|49.97|26|3286.5|4097|1|0|0|0|0|0|0|0|0|0
1395768957|26.4|258.8|0|14.6|0.5|229.8|49.97|31|3286.5|4097|1|0|0|0|0|0|0|0|0|0
1395769017|26.2|311.4|0|14.6|0.2|228.8|49.97|12|3286.5|4097|1|0|0|0|0|0|0|0|0|0
1395769077|26.2|311.4|0|14.6|0|229.3|49.97|0|3286.5|4097|0|0|0|0|0|0|0|0|0|0
1395769137|26.2|310.5|0|14.6|0|228.9|49.96|0|3286.5|4097|0|0|0|0|0|0|0|0|0|0
1395769197|26.4|280.8|0|14.6|0|229|49.96|0|3286.5|4097|0|0|0|0|0|0|0|0|0|0
1395769257|26|308.5|0|14.6|0|229.3|49.97|0|3286.5|4097|0|0|0|0|0|0|0|0|0|0
1395769317|26.2|306.8|0|14.6|0|229.8|49.98|0|3286.5|4097|0|0|0|0|0|0|0|0|0|0
1395769377|25.8|306.3|0|14.6|0|229.5|49.97|0|3286.5|4097|0|0|0|0|0|0|0|0|0|0
1395769437|25.8|305|0|14.6|0|229.2|49.97|0|3286.5|4097|0|0|0|0|0|0|0|0|0|0
1395769497|26|303.2|0|14.6|0|229.5|49.97|0|3286.5|4097|0|0|0|0|0|0|0|0|0|0
1395769557|25.8|302.1|0|14.6|0|229.5|49.98|0|3286.5|4097|0|0|0|0|0|0|0|0|0|0
1395769617|25.8|300.2|0|14.6|0|229.4|49.97|0|3286.5|4097|0|0|0|0|0|0|0|0|0|0
1395769677|25.5|299.2|0|14.6|0|229.3|49.99|0|3286.5|4097|0|0|0|0|0|0|0|0|0|0
1395769737|25.5|297.7|0|14.6|0|228.8|49.98|0|3286.5|4097|0|0|0|0|0|0|0|0|0|0
1395769797|25.8|295.4|0|14.6|0|229.4|49.96|0|3286.5|4097|0|0|0|0|0|0|0|0|0|0
1395769857|25.5|294.1|0|14.6|0|228.9|49.95|0|3286.5|4097|0|0|0|0|0|0|0|0|0|0
1395769917|25.3|292|0|14.6|0|228.8|49.96|0|3286.5|4097|0|0|0|0|0|0|0|0|0|0
1395769977|25.3|289.8|0|14.6|0|228.8|49.96|0|3286.5|4097|0|0|0|0|0|0|0|0|0|0
1395770037|25.3|287.3|0|14.6|0|229.5|49.96|0|3286.5|4097|0|0|0|0|0|0|0|0|0|0
1395770097|25.8|283.6|0|14.6|0|228.8|49.95|0|3286.5|4097|0|0|0|0|0|0|0|0|0|0
1395770157|25.1|281.5|0|14.6|0|229|49.96|0|3286.5|4097|0|0|0|0|0|0|0|0|0|0
1395770217|25.1|277.6|0|14.6|0|229.3|49.98|0|3286.5|4097|0|0|0|0|0|0|0|0|0|0
1395770277|25.3|209.7|0|14.6|0|229|50.01|0|3286.5|4097|0|0|0|0|0|0|0|0|0|0
1395770337|25.1|267.4|0|14.6|0|228.6|50|0|3286.5|4097|0|0|0|0|0|0|0|0|0|0
1395770397|25.3|254.2|0|14.6|0|228.3|50|0|3286.5|4097|0|0|0|0|0|0|0|0|0|0
1395770457|24.9|250.9|0|14.6|0|228.5|50.02|0|3286.5|4097|0|0|0|0|0|0|0|0|0|0
1395770517|24.9|228.6|0|14.6|0|228.6|50.02|0|3286.5|4097|0|0|0|0|0|0|0|0|0|0
1395770577|25.1|175.8|0|14.6|0|229|50.02|0|3286.5|4097|0|0|0|0|0|0|0|0|0|0
